iso_time,freq_hz,strength_db,smoothed_db,peakhold_db,cadence_hz,cadence_conf,locked
2026-05-21T15:37:28.957582,3052.3,-50.39,-48.72,-49.02,2.91,0.59,1
2026-05-21T15:37:29.074539,3052.3,-51.83,-49.42,-49.62,2.91,0.58,1
2026-05-21T15:37:29.186151,3052.3,-52.91,-50.16,-50.22,2.91,0.61,1
2026-05-21T15:37:29.292342,3052.3,-52.42,-50.67,-50.82,2.91,0.61,1
2026-05-21T15:37:29.417403,3052.3,-51.97,-50.94,-51.42,2.91,0.6,1
2026-05-21T15:37:29.519537,3052.3,-52.07,-51.17,-52.02,2.91,0.59,1
2026-05-21T15:37:29.676813,3052.3,-52.02,-51.34,-52.02,2.94,0.55,1
2026-05-21T15:37:29.866649,3052.3,-51.68,-51.26,-51.02,2.91,0.52,1
2026-05-21T15:37:29.971570,3052.3,-49.56,-50.93,-49.56,2.91,0.49,1
2026-05-21T15:37:30.079301,3052.3,-50.07,-50.73,-50.07,2.91,0.46,1
2026-05-21T15:37:30.216477,3052.3,-50.38,-50.64,-50.38,2.91,0.52,1
2026-05-21T15:37:30.329839,3052.3,-51.23,-50.74,-50.98,2.94,0.49,1
2026-05-21T15:37:30.451333,3052.3,-48.72,-50.29,-48.72,2.94,0.46,1
2026-05-21T15:37:30.606430,3052.3,-48.84,-50.01,-48.84,2.91,0.47,1
2026-05-21T15:37:30.706095,3052.3,-49.64,-49.93,-49.44,2.91,0.4,1
2026-05-21T15:37:30.806008,3052.3,-50.2,-49.94,-49.98,2.91,0.42,1
2026-05-21T15:37:30.926043,3052.3,-54.02,-50.62,-50.58,1.49,0.38,1
2026-05-21T15:37:31.040941,3052.3,-52.31,-51.02,-51.18,2.91,0.36,1
2026-05-21T15:37:31.149200,3052.3,-52.58,-51.32,-51.78,2.91,0.39,1
2026-05-21T15:37:31.253180,3052.3,-49.62,-51.09,-49.62,1.5,0.37,1
2026-05-21T15:37:31.361176,3052.3,-48.34,-50.63,-48.34,1.5,0.35,1
2026-05-21T15:37:31.485095,3052.3,-48.09,-50.03,-47.96,1.5,0.36,1
2026-05-21T15:37:31.599553,3052.3,-48.25,-49.79,-48.25,1.0,0.35,1
2026-05-21T15:37:31.712916,3052.3,-49.71,-49.7,-48.85,1.0,0.37,1
2026-05-21T15:37:31.828277,3052.3,-49.35,-49.56,-49.07,1.0,0.37,1
2026-05-21T15:37:31.947499,3052.3,-52.11,-49.99,-49.67,1.0,0.35,1
2026-05-21T15:37:32.070580,3052.3,-54.95,-51.04,-50.27,1.0,0.34,1
2026-05-21T15:37:32.191847,3052.3,-56.76,-52.12,-50.87,1.5,0.32,1
2026-05-21T15:37:32.288368,3046.9,-57.59,-53.25,-51.47,2.87,0.3,1
2026-05-21T15:37:32.444095,3046.9,-55.82,-53.89,-52.07,2.87,0.31,1
2026-05-21T15:37:32.573144,3052.3,-56.2,-54.39,-52.67,2.87,0.34,1
2026-05-21T15:37:32.707648,3052.3,-59.13,-55.59,-53.57,2.87,0.36,1
2026-05-21T15:37:32.855425,3052.3,-59.82,-56.45,-54.17,2.87,0.38,1
2026-05-21T15:37:32.996276,3052.3,-61.71,-57.61,-54.77,2.87,0.4,1
2026-05-21T15:37:33.096312,3052.3,-60.73,-58.29,-55.37,2.87,0.42,1
2026-05-21T15:37:33.227511,3057.7,-61.11,-58.85,-55.97,2.87,0.4,1
2026-05-21T15:37:33.323453,3057.7,-57.42,-58.78,-56.57,2.87,0.39,1
2026-05-21T15:37:33.453157,3052.3,-53.7,-57.86,-53.7,2.87,0.42,1
2026-05-21T15:37:33.604647,3052.3,-54.55,-57.04,-53.98,2.87,0.44,1
2026-05-21T15:37:33.722276,3052.3,-57.05,-56.96,-54.58,2.84,0.42,1
2026-05-21T15:37:33.868121,3052.3,-59.38,-57.64,-55.48,2.81,0.39,1
2026-05-21T15:37:34.012744,3052.3,-56.2,-57.53,-56.08,6.1,0.39,0
2026-05-21T15:37:34.110710,3052.3,-51.71,-56.41,-51.71,6.1,0.35,0
2026-05-21T15:37:34.291811,3052.3,-51.44,-54.8,-51.44,2.91,0.21,0
2026-05-21T15:37:34.398017,3052.3,-55.52,-54.7,-52.04,1.46,0.19,0
2026-05-21T15:37:34.505390,3052.3,-58.87,-55.63,-52.64,1.45,0.19,0
2026-05-21T15:37:34.687222,3052.3,-55.18,-56.05,-53.54,1.46,0.24,0
2026-05-21T15:37:34.808600,3052.3,-53.55,-55.61,-53.55,1.41,0.31,1
2026-05-21T15:37:34.916681,3052.3,-53.54,-55.09,-53.24,1.41,0.35,1
2026-05-21T15:37:35.029669,3052.3,-52.74,-54.73,-52.74,1.42,0.34,1
2026-05-21T15:37:35.139105,3052.3,-53.2,-54.34,-53.02,1.43,0.32,1
2026-05-21T15:37:35.241617,3052.3,-54.26,-54.18,-53.18,1.43,0.31,1
2026-05-21T15:37:35.392659,3052.3,-52.57,-54.04,-52.57,1.42,0.36,1
2026-05-21T15:37:35.521930,3052.3,-49.14,-53.05,-49.14,1.42,0.28,1
2026-05-21T15:37:35.621969,3052.3,-50.1,-52.29,-49.33,1.42,0.27,1
2026-05-21T15:37:35.754234,3052.3,-52.57,-52.2,-49.93,1.42,0.3,1
2026-05-21T15:37:35.866282,3052.3,-54.6,-52.86,-50.53,1.44,0.27,1
2026-05-21T15:37:35.963163,3052.3,-53.89,-53.18,-51.13,1.45,0.25,0
2026-05-21T15:37:36.113309,3052.3,-53.03,-53.14,-51.73,1.46,0.24,0
2026-05-21T15:37:36.230536,3057.7,-53.2,-53.19,-52.33,1.46,0.21,0
2026-05-21T15:37:36.338461,3057.7,-54.88,-53.58,-52.93,1.46,0.21,0
2026-05-21T15:37:36.465806,3057.7,-55.85,-54.15,-53.53,1.46,0.2,0
2026-05-21T15:37:36.588891,3052.3,-56.67,-54.7,-54.13,1.45,0.16,0
2026-05-21T15:37:36.753164,3052.3,-58.47,-55.78,-55.03,2.81,0.19,0
2026-05-21T15:37:36.874923,3052.3,-59.1,-56.45,-55.63,2.87,0.19,0
2026-05-21T15:37:36.992148,3052.3,-58.93,-57.05,-56.23,2.87,0.21,0
2026-05-21T15:37:37.116323,3052.3,-55.82,-57.07,-55.82,2.84,0.27,1
2026-05-21T15:37:37.232435,3052.3,-52.09,-56.04,-52.09,2.81,0.22,0
2026-05-21T15:37:37.357521,3052.3,-52.35,-55.22,-52.35,2.84,0.25,0
2026-05-21T15:37:37.501844,3052.3,-52.94,-54.49,-52.94,2.87,0.3,1
2026-05-21T15:37:37.645914,3052.3,-52.78,-54.06,-52.59,2.87,0.31,1
2026-05-21T15:37:37.761221,3052.3,-56.07,-54.25,-53.19,2.87,0.29,1
2026-05-21T15:37:37.922794,3052.3,-58.62,-55.48,-54.09,2.87,0.26,1
2026-05-21T15:37:38.007472,3052.3,-60.29,-56.43,-54.69,2.87,0.24,0
2026-05-21T15:37:38.126921,3052.3,-60.82,-57.28,-55.29,2.87,0.22,0
2026-05-21T15:37:38.250001,3052.3,-59.77,-57.9,-55.89,2.87,0.22,0
2026-05-21T15:37:38.350209,3052.3,-59.62,-58.23,-56.49,2.91,0.24,0
2026-05-21T15:37:38.461685,3052.3,-56.92,-58.19,-56.92,2.91,0.28,1
2026-05-21T15:37:38.595984,3052.3,-56.05,-57.6,-56.05,2.91,0.23,0
2026-05-21T15:37:38.716340,3052.3,-55.64,-57.22,-55.64,2.91,0.27,1
2026-05-21T15:37:38.835821,3052.3,-56.69,-57.06,-56.24,2.91,0.25,1
2026-05-21T15:37:38.925824,3052.3,-54.83,-56.59,-54.83,2.94,0.26,1
2026-05-21T15:37:39.031942,3052.3,-55.81,-56.34,-55.39,2.91,0.28,1
2026-05-21T15:37:39.144459,3052.3,-59.9,-56.75,-55.99,2.91,0.24,0
2026-05-21T15:37:39.263019,3052.3,-60.61,-57.61,-56.59,2.91,0.23,0
2026-05-21T15:37:39.393943,3052.3,-59.26,-58.07,-57.19,2.91,0.24,0
2026-05-21T15:37:39.513142,3052.3,-57.95,-58.13,-57.79,2.91,0.24,0
2026-05-21T15:37:39.626347,3052.3,-53.67,-57.2,-53.67,2.91,0.14,0
2026-05-21T15:37:39.743319,3052.3,-54.34,-56.56,-54.27,2.91,0.12,0
2026-05-21T15:37:39.843007,3052.3,-53.94,-56.02,-53.94,2.91,0.17,0
2026-05-21T15:37:39.946949,3052.3,-54.19,-55.77,-54.19,2.91,0.25,1
2026-05-21T15:37:40.075182,3052.3,-52.87,-55.27,-52.87,2.94,0.18,0
2026-05-21T15:37:40.175321,3052.3,-48.76,-53.96,-48.76,4.24,0.15,0
2026-05-21T15:37:40.306420,3052.3,-48.22,-52.76,-48.22,4.31,0.16,0
2026-05-21T15:37:40.434393,3052.3,-48.92,-51.84,-48.51,4.24,0.23,0
2026-05-21T15:37:40.539732,3052.3,-47.66,-51.1,-47.66,2.91,0.42,1
2026-05-21T15:37:40.695215,3052.3,-47.7,-50.35,-47.7,2.91,0.42,1
2026-05-21T15:37:40.814093,3052.3,-50.65,-50.22,-48.3,2.94,0.42,1
2026-05-21T15:37:40.944606,3052.3,-55.24,-51.28,-48.9,2.94,0.4,1
2026-05-21T15:37:41.054566,3052.3,-56.54,-52.29,-49.5,2.94,0.39,1
2026-05-21T15:37:41.188959,3052.3,-52.79,-52.72,-50.1,2.94,0.37,1
2026-05-21T15:37:41.282073,3052.3,-47.49,-51.59,-47.49,2.94,0.24,0
2026-05-21T15:37:41.403557,3052.3,-47.72,-50.71,-47.72,2.94,0.25,1
2026-05-21T15:37:41.537571,3052.3,-52.54,-50.67,-48.32,2.94,0.26,1
2026-05-21T15:37:41.654623,3052.3,-52.67,-51.23,-48.92,2.94,0.26,1
2026-05-21T15:37:41.761561,3052.3,-52.79,-51.57,-49.52,2.94,0.27,1
2026-05-21T15:37:41.852498,3052.3,-52.63,-51.91,-50.12,2.94,0.28,1
2026-05-21T15:37:41.986495,3052.3,-51.58,-51.94,-50.72,2.94,0.26,1
2026-05-21T15:37:42.120457,3052.3,-51.97,-51.91,-51.32,2.94,0.26,1
2026-05-21T15:37:42.245864,3052.3,-54.08,-52.22,-51.92,2.94,0.25,0
2026-05-21T15:37:42.369562,3052.3,-54.54,-52.71,-52.52,2.94,0.24,0
2026-05-21T15:37:42.479308,3052.3,-58.45,-53.71,-53.12,1.46,0.27,1
2026-05-21T15:37:42.651410,3052.3,-51.85,-53.95,-51.85,1.47,0.27,1
2026-05-21T15:37:42.748926,3052.3,-50.06,-53.09,-50.06,1.47,0.27,1
2026-05-21T15:37:42.869420,3052.3,-47.85,-52.14,-47.85,1.47,0.29,1
2026-05-21T15:37:42.988367,3052.3,-46.11,-50.84,-46.11,1.46,0.23,0
2026-05-21T15:37:43.107094,3052.3,-45.45,-49.65,-45.45,1.43,0.2,0
2026-05-21T15:37:43.224620,3052.3,-48.59,-49.33,-46.05,1.43,0.25,0
2026-05-21T15:37:43.353089,3052.3,-49.21,-49.28,-46.65,1.47,0.26,1
2026-05-21T15:37:43.503069,3052.3,-48.92,-49.14,-47.55,1.47,0.24,0
2026-05-21T15:37:43.645794,3052.3,-49.36,-49.15,-48.15,2.98,0.25,0
2026-05-21T15:37:43.757809,3052.3,-48.59,-49.01,-48.59,1.48,0.28,1
2026-05-21T15:37:43.919018,3052.3,-48.19,-48.8,-48.19,2.98,0.32,1
2026-05-21T15:37:44.028351,3052.3,-50.49,-49.05,-48.79,3.01,0.29,1
2026-05-21T15:37:44.126497,3052.3,-51.32,-49.41,-49.39,2.98,0.28,1
2026-05-21T15:37:44.249529,3052.3,-51.37,-49.88,-49.99,3.01,0.35,1
2026-05-21T15:37:44.418246,3052.3,-48.55,-49.83,-48.55,2.98,0.29,1
2026-05-21T15:37:44.532758,3052.3,-49.41,-49.72,-49.15,2.98,0.28,1
2026-05-21T15:37:44.654521,3052.3,-47.45,-49.3,-47.45,2.94,0.25,1
2026-05-21T15:37:44.790715,3052.3,-47.65,-49.11,-47.65,2.98,0.25,0
2026-05-21T15:37:44.862372,3052.3,-48.05,-48.98,-47.95,2.94,0.27,1
2026-05-21T15:37:44.957571,3052.3,-50.75,-49.25,-48.55,2.98,0.26,1
2026-05-21T15:37:45.125109,3052.3,-51.91,-50.12,-49.45,2.98,0.23,0
2026-05-21T15:37:45.247739,3052.3,-53.12,-50.75,-50.05,2.94,0.26,1
2026-05-21T15:37:45.373482,3052.3,-51.84,-51.04,-50.65,2.94,0.27,1
2026-05-21T15:37:45.488009,3052.3,-51.61,-51.15,-51.25,2.94,0.3,1
2026-05-21T15:37:45.607190,3052.3,-52.12,-51.41,-51.85,2.94,0.34,1
2026-05-21T15:37:45.723111,3052.3,-50.13,-51.27,-50.13,2.94,0.32,1
2026-05-21T15:37:45.808722,3052.3,-48.28,-50.63,-48.28,2.91,0.29,1
2026-05-21T15:37:45.982921,3052.3,-48.36,-50.12,-48.36,2.94,0.34,1
2026-05-21T15:37:46.114546,3052.3,-50.1,-50.12,-48.66,2.94,0.31,1
2026-05-21T15:37:46.207511,3052.3,-51.82,-50.39,-49.26,2.94,0.31,1
2026-05-21T15:37:46.342481,3052.3,-52.19,-50.82,-49.86,2.94,0.29,1
2026-05-21T15:37:46.485878,3052.3,-49.86,-50.71,-49.86,1.45,0.28,1
2026-05-21T15:37:46.619728,3052.3,-50.82,-50.68,-50.46,1.45,0.29,1
2026-05-21T15:37:46.749302,3052.3,-56.6,-51.42,-51.06,2.94,0.29,1
2026-05-21T15:37:46.885527,3052.3,-54.67,-52.15,-51.66,2.94,0.31,1
2026-05-21T15:37:46.982263,3052.3,-50.7,-52.11,-50.7,2.91,0.32,1
2026-05-21T15:37:47.139644,3052.3,-49.99,-51.69,-49.99,2.94,0.3,1
2026-05-21T15:37:47.228431,3052.3,-51.75,-51.55,-50.59,1.48,0.32,1
2026-05-21T15:37:47.486591,3052.3,-55.96,-52.24,-51.19,1.48,0.38,1
2026-05-21T15:37:47.544120,3052.3,-56.51,-52.74,-51.49,1.48,0.38,1
2026-05-21T15:37:47.658275,3052.3,-55.43,-53.41,-52.09,1.47,0.38,1
2026-05-21T15:37:47.787037,3052.3,-53.44,-53.56,-52.69,1.47,0.42,1
2026-05-21T15:37:47.907385,3052.3,-52.15,-53.24,-52.15,1.47,0.43,1
2026-05-21T15:37:48.036997,3052.3,-51.74,-52.9,-51.74,1.47,0.38,1
2026-05-21T15:37:48.227959,3052.3,-49.73,-52.02,-49.73,1.48,0.34,1
2026-05-21T15:37:48.378714,3052.3,-51.31,-51.77,-50.33,1.48,0.32,1
2026-05-21T15:37:48.503014,3052.3,-54.92,-52.38,-50.93,1.48,0.26,1
2026-05-21T15:37:48.635291,3052.3,-57.37,-53.32,-51.53,1.48,0.27,1
2026-05-21T15:37:48.751862,3052.3,-52.68,-53.38,-52.13,1.0,0.23,0
2026-05-21T15:37:48.847461,3052.3,-51.79,-53.03,-51.79,1.0,0.24,0
2026-05-21T15:37:48.990765,3052.3,-50.9,-52.68,-50.9,1.48,0.22,0
2026-05-21T15:37:49.103541,3052.3,-49.04,-51.97,-49.04,1.0,0.24,0
2026-05-21T15:37:49.224567,3052.3,-46.17,-50.79,-46.17,1.0,0.15,0
2026-05-21T15:37:49.436531,3052.3,-45.35,-49.68,-45.35,6.1,0.3,0
2026-05-21T15:37:49.574510,3052.3,-42.37,-48.06,-42.37,6.1,0.22,0
2026-05-21T15:37:49.705266,3052.3,-44.21,-47.07,-42.97,6.1,0.21,0
2026-05-21T15:37:49.835769,3052.3,-54.02,-48.42,-43.57,6.1,0.2,0
2026-05-21T15:37:49.942971,3052.3,-53.97,-49.62,-44.17,6.1,0.22,0
2026-05-21T15:37:50.044176,3052.3,-53.03,-50.43,-44.77,6.1,0.22,0
2026-05-21T15:37:50.165986,3052.3,-54.69,-51.14,-45.37,6.1,0.23,0
2026-05-21T15:37:50.300766,3052.3,-53.3,-51.68,-45.97,6.1,0.22,0
2026-05-21T15:37:50.457398,3052.3,-53.57,-52.13,-46.57,6.1,0.21,0
2026-05-21T15:37:50.573059,3052.3,-46.54,-51.13,-46.54,4.72,0.15,0
2026-05-21T15:37:50.710190,3052.3,-43.94,-49.76,-43.94,6.1,0.2,0
2026-05-21T15:37:50.828490,3052.3,-43.24,-48.26,-42.99,4.9,0.24,0
2026-05-21T15:37:50.988474,3052.3,-42.83,-46.42,-42.08,5.56,0.32,1
2026-05-21T15:37:51.141997,3052.3,-44.32,-45.63,-42.98,5.43,0.31,1
2026-05-21T15:37:51.257460,3052.3,-46.39,-45.8,-43.58,5.81,0.3,1
2026-05-21T15:37:51.352832,3052.3,-49.6,-46.53,-44.18,5.81,0.28,1
2026-05-21T15:37:51.466721,3052.3,-50.77,-47.44,-44.78,5.68,0.28,1
2026-05-21T15:37:51.600146,3052.3,-51.21,-48.26,-45.38,5.81,0.28,1
2026-05-21T15:37:51.748535,3052.3,-52.28,-49.39,-45.98,5.81,0.28,1
2026-05-21T15:37:51.874365,3052.3,-48.32,-49.36,-46.58,5.81,0.27,1
2026-05-21T15:37:51.992617,3052.3,-46.41,-48.69,-46.41,5.81,0.26,1
2026-05-21T15:37:52.200421,3052.3,-47.42,-48.34,-47.01,6.1,0.26,0
2026-05-21T15:37:52.289917,3052.3,-48.77,-48.39,-47.31,6.1,0.26,0
2026-05-21T15:37:52.408882,3052.3,-49.32,-48.66,-47.91,5.95,0.35,1
2026-05-21T15:37:52.554255,3052.3,-45.19,-47.94,-45.19,5.95,0.31,1
2026-05-21T15:37:52.693653,3052.3,-45.02,-46.94,-44.79,5.95,0.26,1
2026-05-21T15:37:52.852059,3052.3,-45.45,-46.55,-45.2,5.81,0.23,0
2026-05-21T15:37:53.006931,3052.3,-44.92,-46.21,-44.92,2.94,0.2,0
2026-05-21T15:37:53.154952,3052.3,-46.92,-46.25,-45.52,2.94,0.22,0
2026-05-21T15:37:53.303082,3052.3,-48.32,-46.74,-46.12,2.94,0.24,0
2026-05-21T15:37:53.438318,3052.3,-49.69,-47.4,-46.72,2.94,0.34,1
2026-05-21T15:37:53.564650,3052.3,-49.89,-47.87,-47.32,2.94,0.27,1
2026-05-21T15:37:53.686480,3052.3,-49.09,-48.23,-47.92,3.01,0.21,0
2026-05-21T15:37:53.793390,3052.3,-51.42,-48.83,-48.52,2.98,0.23,0
2026-05-21T15:37:53.924764,3052.3,-52.62,-49.58,-49.12,2.94,0.3,1
2026-05-21T15:37:54.075247,3052.3,-53.86,-50.44,-49.72,2.94,0.32,1
2026-05-21T15:37:54.204523,3052.3,-49.22,-50.67,-49.22,2.98,0.29,1
2026-05-21T15:37:54.319757,3052.3,-47.78,-50.06,-47.78,2.94,0.26,1
2026-05-21T15:37:54.458782,3052.3,-47.71,-49.3,-47.71,2.98,0.29,1
2026-05-21T15:37:54.597666,3052.3,-51.09,-49.66,-48.31,2.98,0.34,1
2026-05-21T15:37:54.709482,3052.3,-52.3,-50.19,-48.91,2.98,0.35,1
2026-05-21T15:37:54.874935,3052.3,-54.22,-51.11,-49.81,2.98,0.36,1
2026-05-21T15:37:55.004629,3052.3,-48.77,-51.06,-48.77,2.98,0.32,1
2026-05-21T15:37:55.151907,3052.3,-48.93,-50.57,-48.93,2.98,0.33,1
2026-05-21T15:37:55.265091,3052.3,-50.55,-50.41,-49.41,2.91,0.33,1
2026-05-21T15:37:55.367179,3052.3,-56.22,-51.71,-50.01,3.01,0.28,1
2026-05-21T15:37:55.499224,3052.3,-56.46,-52.78,-50.61,3.01,0.19,0
2026-05-21T15:37:55.736039,3052.3,-53.6,-53.21,-51.51,1.34,0.2,0
2026-05-21T15:37:55.839694,3052.3,-53.33,-53.19,-52.11,1.34,0.26,1
2026-05-21T15:37:56.018256,3052.3,-52.27,-52.98,-52.27,1.32,0.24,0
2026-05-21T15:37:56.168484,3052.3,-52.05,-52.75,-52.05,1.34,0.31,1
2026-05-21T15:37:56.253952,3052.3,-51.74,-52.59,-51.74,1.35,0.34,1
2026-05-21T15:37:56.423132,3052.3,-50.88,-52.2,-50.88,1.39,0.33,1
2026-05-21T15:37:56.558870,3052.3,-52.12,-52.06,-51.23,1.39,0.25,0
2026-05-21T15:37:56.669338,3052.3,-53.94,-52.48,-51.83,1.39,0.24,0
2026-05-21T15:37:56.821487,3052.3,-53.88,-52.75,-52.43,1.32,0.24,0
2026-05-21T15:37:56.951693,3052.3,-54.18,-53.05,-53.03,1.34,0.25,0
2026-05-21T15:37:57.107079,3052.3,-53.38,-53.28,-53.38,1.34,0.23,0
2026-05-21T15:37:57.259991,3052.3,-50.88,-53.04,-50.88,1.51,0.18,0
2026-05-21T15:37:57.382251,3052.3,-50.8,-52.53,-50.8,1.02,0.17,0
2026-05-21T15:37:57.532087,3052.3,-52.72,-52.33,-50.73,1.02,0.18,0
2026-05-21T15:37:57.719096,3052.3,-56.5,-53.25,-51.63,1.06,0.17,0
2026-05-21T15:37:57.809202,3052.3,-55.46,-53.79,-52.23,1.02,0.18,0
2026-05-21T15:37:57.920625,3052.3,-55.53,-54.15,-52.83,1.06,0.19,0
2026-05-21T15:37:58.083919,3052.3,-52.14,-53.97,-52.14,1.0,0.16,0
2026-05-21T15:37:58.250771,3052.3,-51.21,-53.38,-51.21,2.91,0.1,0
2026-05-21T15:37:58.350295,3052.3,-52.73,-53.11,-51.81,1.09,0.18,0
2026-05-21T15:37:58.513246,3052.3,-53.87,-53.23,-52.41,1.09,0.2,0
2026-05-21T15:37:58.627246,3052.3,-55.22,-53.56,-53.01,1.11,0.21,0
2026-05-21T15:37:58.734096,3052.3,-59.41,-54.64,-53.61,1.09,0.22,0
2026-05-21T15:37:58.871637,3052.3,-55.54,-55.05,-54.21,1.09,0.23,0
2026-05-21T15:37:58.988667,3052.3,-50.28,-54.51,-50.28,1.1,0.3,1
2026-05-21T15:37:59.105691,3046.9,-48.47,-53.22,-48.47,1.09,0.28,1
2026-05-21T15:37:59.231584,3046.9,-48.64,-52.17,-48.55,1.09,0.29,1
2026-05-21T15:37:59.386846,3046.9,-49.51,-51.63,-49.15,1.05,0.2,0
2026-05-21T15:37:59.523313,3046.9,-47.83,-50.86,-47.83,2.91,0.18,0
2026-05-21T15:37:59.704558,3046.9,-47.59,-50.13,-47.59,2.94,0.14,0
2026-05-21T15:37:59.844893,3046.9,-48.71,-49.83,-48.19,3.01,0.22,0
2026-05-21T15:37:59.967047,3046.9,-49.49,-49.76,-48.79,3.01,0.23,0
2026-05-21T15:38:00.116277,3046.9,-51.22,-50.12,-49.39,3.01,0.2,0
2026-05-21T15:38:00.268799,3046.9,-53.39,-50.62,-49.99,2.98,0.24,0
2026-05-21T15:38:00.394845,3046.9,-50.96,-50.82,-50.59,2.94,0.24,0
2026-05-21T15:38:00.522943,3046.9,-48.21,-50.37,-48.21,2.94,0.22,0
2026-05-21T15:38:00.652514,3046.9,-46.93,-49.76,-46.93,2.98,0.21,0
2026-05-21T15:38:00.796090,3046.9,-44.97,-48.74,-44.97,3.01,0.25,0
2026-05-21T15:38:00.912275,3046.9,-43.99,-47.68,-43.99,2.98,0.31,1
2026-05-21T15:38:01.076612,3046.9,-42.51,-46.62,-42.51,2.98,0.37,1
2026-05-21T15:38:01.216480,3046.9,-43.36,-45.84,-43.04,2.98,0.38,1
2026-05-21T15:38:01.390911,3046.9,-52.06,-46.67,-43.94,2.98,0.27,1
2026-05-21T15:38:01.572039,3046.9,-49.86,-47.49,-44.54,2.94,0.24,0
2026-05-21T15:38:01.689777,3046.9,-48.62,-47.62,-44.84,2.91,0.25,1
2026-05-21T15:38:01.787514,3046.9,-47.03,-47.59,-45.44,2.98,0.26,1
2026-05-21T15:38:01.993639,3046.9,-43.61,-46.75,-43.61,2.91,0.24,0
2026-05-21T15:38:02.112525,3046.9,-45.58,-46.31,-44.16,2.91,0.21,0
2026-05-21T15:38:02.253892,3046.9,-48.33,-46.63,-44.76,2.91,0.2,0
2026-05-21T15:38:02.419269,3046.9,-50.21,-47.43,-45.36,2.87,0.21,0
2026-05-21T15:38:02.588904,3046.9,-50.09,-48.01,-45.96,2.91,0.21,0
2026-05-21T15:38:02.767876,3046.9,-46.15,-48.0,-46.15,2.91,0.19,0
2026-05-21T15:38:02.871288,3046.9,-43.99,-47.19,-43.99,1.0,0.22,0
2026-05-21T15:38:02.965781,3046.9,-44.84,-46.57,-44.15,1.0,0.23,0
2026-05-21T15:38:03.138190,3046.9,-48.5,-46.83,-45.05,1.0,0.29,1
2026-05-21T15:38:03.262882,3046.9,-46.89,-46.96,-45.65,1.0,0.26,1
2026-05-21T15:38:03.372471,3046.9,-46.51,-46.9,-46.25,1.0,0.24,0
2026-05-21T15:38:03.552641,3046.9,-47.26,-46.91,-46.85,1.0,0.22,0
2026-05-21T15:38:03.666727,3046.9,-48.34,-47.11,-47.45,1.0,0.23,0
2026-05-21T15:38:03.854703,3046.9,-50.82,-47.99,-48.35,1.21,0.19,0
2026-05-21T15:38:03.948750,3046.9,-50.39,-48.45,-48.95,1.01,0.17,0
2026-05-21T15:38:04.090482,3046.9,-50.68,-48.94,-49.55,2.87,0.26,1
2026-05-21T15:38:04.215406,3046.9,-49.64,-49.15,-49.64,2.87,0.24,0
2026-05-21T15:38:04.336048,3046.9,-49.05,-49.08,-48.96,2.91,0.26,1
2026-05-21T15:38:04.461808,3046.9,-48.06,-48.97,-48.06,2.91,0.23,0
2026-05-21T15:38:04.616733,3046.9,-47.23,-48.65,-47.23,2.91,0.22,0
2026-05-21T15:38:04.770709,3046.9,-47.6,-48.34,-47.12,2.87,0.25,1
2026-05-21T15:38:04.864548,3046.9,-49.92,-48.69,-47.72,2.91,0.31,1
2026-05-21T15:38:04.973981,3046.9,-52.1,-49.41,-48.32,2.91,0.3,1
2026-05-21T15:38:05.092361,3046.9,-53.57,-50.35,-48.92,2.91,0.31,1
2026-05-21T15:38:05.231835,3046.9,-51.39,-50.78,-49.52,2.91,0.32,1
2026-05-21T15:38:05.338687,3046.9,-48.35,-50.25,-48.35,2.91,0.3,1
2026-05-21T15:38:05.471825,3046.9,-48.95,-49.93,-48.89,2.91,0.31,1
2026-05-21T15:38:05.576624,3046.9,-53.08,-50.37,-49.49,2.91,0.3,1
2026-05-21T15:38:05.743924,3046.9,-56.78,-51.62,-50.09,1.45,0.33,1
2026-05-21T15:38:05.862920,3046.9,-56.05,-52.61,-50.69,1.45,0.32,1
2026-05-21T15:38:06.032600,3046.9,-55.84,-53.44,-51.59,2.94,0.3,1
2026-05-21T15:38:06.160924,3046.9,-56.9,-54.14,-52.19,1.45,0.32,1
2026-05-21T15:38:06.265972,3046.9,-59.05,-55.17,-52.79,1.45,0.34,1
2026-05-21T15:38:06.386672,3046.9,-55.48,-55.22,-53.39,1.45,0.38,1
2026-05-21T15:38:06.502666,3046.9,-54.26,-55.12,-53.99,1.45,0.37,1
2026-05-21T15:38:06.624299,3046.9,-53.97,-54.96,-53.97,1.45,0.32,1
2026-05-21T15:38:06.797096,3046.9,-51.48,-54.22,-51.48,2.94,0.31,1
2026-05-21T15:38:06.902905,3046.9,-48.39,-52.99,-48.39,2.91,0.22,0
2026-05-21T15:38:07.034134,3046.9,-46.92,-51.75,-46.92,2.94,0.24,0
2026-05-21T15:38:07.135431,3046.9,-47.66,-50.78,-47.37,2.98,0.21,0
2026-05-21T15:38:07.269586,3046.9,-49.5,-50.38,-47.97,1.47,0.2,0
2026-05-21T15:38:07.403808,3046.9,-51.27,-50.53,-48.57,2.98,0.21,0
2026-05-21T15:38:07.541429,3046.9,-52.89,-50.95,-49.17,2.94,0.24,0
2026-05-21T15:38:07.675348,3046.9,-51.75,-51.26,-49.77,2.98,0.28,1
2026-05-21T15:38:07.853669,3046.9,-49.79,-51.01,-49.79,2.94,0.27,1
2026-05-21T15:38:07.919698,3046.9,-50.0,-50.89,-50.0,2.98,0.3,1
2026-05-21T15:38:08.027846,3046.9,-49.01,-50.58,-49.01,2.98,0.34,1
2026-05-21T15:38:08.164164,3046.9,-47.77,-49.93,-47.77,2.98,0.38,1
2026-05-21T15:38:08.273936,3046.9,-48.0,-49.46,-47.92,2.98,0.44,1
2026-05-21T15:38:08.433809,3046.9,-48.28,-49.15,-48.05,2.98,0.45,1
2026-05-21T15:38:08.535826,3046.9,-51.71,-49.54,-48.65,2.98,0.41,1
2026-05-21T15:38:08.671694,3046.9,-51.21,-50.53,-49.55,2.94,0.34,1
2026-05-21T15:38:08.828506,3046.9,-51.25,-50.68,-50.15,2.94,0.33,1
2026-05-21T15:38:08.943253,3046.9,-50.43,-50.63,-50.43,2.94,0.32,1
2026-05-21T15:38:09.078681,3046.9,-52.4,-51.06,-51.03,2.94,0.31,1
2026-05-21T15:38:09.163852,3046.9,-51.06,-51.02,-50.97,2.94,0.28,1
2026-05-21T15:38:09.315549,3046.9,-50.88,-50.98,-50.88,2.94,0.28,1
2026-05-21T15:38:09.422163,3046.9,-53.49,-51.42,-51.48,2.94,0.25,0
2026-05-21T15:38:09.630566,3046.9,-56.67,-52.38,-52.08,2.94,0.29,1
2026-05-21T15:38:09.745587,3046.9,-51.93,-52.53,-51.93,2.91,0.23,0
2026-05-21T15:38:09.888888,3046.9,-50.69,-52.16,-50.69,2.91,0.27,1
2026-05-21T15:38:10.013526,3046.9,-49.85,-51.6,-49.69,2.91,0.22,0
2026-05-21T15:38:10.192384,3046.9,-48.89,-50.84,-48.89,2.91,0.23,0
2026-05-21T15:38:10.357712,3046.9,-51.71,-50.98,-49.79,2.91,0.18,0
2026-05-21T15:38:10.528523,3046.9,-52.46,-51.56,-50.69,2.91,0.17,0
2026-05-21T15:38:10.667521,3046.9,-53.35,-51.8,-51.29,1.14,0.16,0
2026-05-21T15:38:10.785933,3046.9,-52.38,-52.07,-51.89,1.11,0.14,0
2026-05-21T15:38:10.928103,3046.9,-54.28,-52.44,-52.49,5.32,0.14,0
2026-05-21T15:38:11.056645,3046.9,-54.81,-52.94,-53.09,1.14,0.1,0
2026-05-21T15:38:11.150251,3046.9,-56.84,-53.93,-53.69,4.63,0.13,0
2026-05-21T15:38:11.299845,3046.9,-54.05,-54.14,-54.05,4.72,0.17,0
2026-05-21T15:38:11.400451,3046.9,-51.05,-53.5,-51.05,5.32,0.14,0
2026-05-21T15:38:11.523489,3046.9,-51.26,-52.93,-50.85,5.43,0.11,0
2026-05-21T15:38:11.619069,3046.9,-53.21,-52.89,-51.45,1.53,0.11,0
2026-05-21T15:38:11.769883,3046.9,-56.07,-53.4,-52.05,1.53,0.18,0
2026-05-21T15:38:11.904132,3046.9,-52.86,-53.34,-52.65,1.54,0.17,0
2026-05-21T15:38:12.055079,3046.9,-53.32,-53.33,-53.25,1.54,0.13,0
2026-05-21T15:38:12.146478,3046.9,-55.24,-53.8,-53.85,1.46,0.08,0
2026-05-21T15:38:12.258520,3046.9,-55.87,-54.23,-54.45,4.55,0.11,0
2026-05-21T15:38:12.391930,3046.9,-55.93,-54.61,-55.05,1.53,0.12,0
2026-05-21T15:38:12.551597,3046.9,-59.29,-55.57,-55.65,4.63,0.18,0
2026-05-21T15:38:12.667007,3046.9,-57.06,-56.03,-56.25,4.55,0.18,0
2026-05-21T15:38:12.851073,3046.9,-51.31,-55.22,-51.31,2.23,0.12,0
2026-05-21T15:38:12.988696,3046.9,-51.14,-54.35,-51.14,2.21,0.09,0
2026-05-21T15:38:13.159286,3046.9,-49.08,-52.97,-49.08,4.55,0.08,0
2026-05-21T15:38:13.262850,3046.9,-49.02,-52.07,-49.02,1.0,0.08,0
2026-05-21T15:38:13.358935,3046.9,-50.49,-51.62,-49.62,1.0,0.05,0
2026-05-21T15:38:13.528808,3046.9,-53.41,-51.96,-50.52,2.78,0.07,0
2026-05-21T15:38:13.643824,3046.9,-52.66,-52.18,-51.12,2.91,0.09,0
2026-05-21T15:38:13.757641,3046.9,-54.2,-52.67,-51.72,2.91,0.07,0
2026-05-21T15:38:13.905388,3046.9,-53.44,-52.87,-52.32,1.0,0.08,0
2026-05-21T15:38:14.013751,3046.9,-53.65,-53.05,-52.92,2.91,0.11,0
2026-05-21T15:38:14.139219,3046.9,-55.43,-53.44,-53.52,2.91,0.15,0
2026-05-21T15:38:14.284248,3046.9,-51.74,-53.22,-51.74,2.91,0.14,0
2026-05-21T15:38:14.365792,3046.9,-51.61,-53.03,-51.61,2.78,0.15,0
2026-05-21T15:38:14.482259,3046.9,-52.57,-52.83,-51.93,2.91,0.17,0
2026-05-21T15:38:14.600180,3046.9,-53.69,-52.97,-52.53,2.91,0.2,0
2026-05-21T15:38:14.715313,3046.9,-53.27,-53.09,-53.13,2.91,0.19,0
2026-05-21T15:38:14.841676,3046.9,-53.5,-53.13,-53.3,3.47,0.17,0
2026-05-21T15:38:14.925106,3046.9,-52.98,-53.14,-52.98,3.47,0.17,0
2026-05-21T15:38:15.043499,3046.9,-51.27,-52.9,-51.27,3.47,0.16,0
2026-05-21T15:38:15.172090,3046.9,-48.95,-52.27,-48.95,2.91,0.12,0
2026-05-21T15:38:15.270252,3046.9,-48.9,-51.48,-48.81,2.91,0.1,0
2026-05-21T15:38:15.397948,3046.9,-50.08,-51.05,-49.2,2.91,0.1,0
2026-05-21T15:38:15.507449,3046.9,-50.78,-50.99,-49.8,2.91,0.21,0
2026-05-21T15:38:15.645452,3046.9,-50.13,-50.8,-50.13,2.94,0.23,0
2026-05-21T15:38:15.777619,3046.9,-52.23,-51.02,-50.73,2.94,0.22,0
2026-05-21T15:38:15.870368,3046.9,-54.11,-51.63,-51.33,2.91,0.19,0
2026-05-21T15:38:15.974324,3046.9,-55.02,-52.31,-51.93,2.91,0.2,0
2026-05-21T15:38:16.138205,3046.9,-54.29,-52.86,-52.53,2.91,0.2,0
2026-05-21T15:38:16.225725,3046.9,-52.28,-52.76,-52.28,2.91,0.21,0
2026-05-21T15:38:16.336995,3046.9,-51.84,-52.55,-51.84,2.91,0.23,0
2026-05-21T15:38:16.491237,3046.9,-52.6,-52.67,-52.6,2.91,0.26,1
2026-05-21T15:38:16.590848,3046.9,-53.13,-52.74,-53.13,2.91,0.25,0
2026-05-21T15:38:16.733402,3046.9,-54.91,-53.03,-53.4,2.91,0.25,0
2026-05-21T15:38:16.860525,3046.9,-58.46,-54.09,-54.0,2.91,0.21,0
2026-05-21T15:38:16.965365,3046.9,-55.25,-54.55,-54.6,2.94,0.22,0
2026-05-21T15:38:17.070592,3046.9,-54.57,-54.6,-54.57,3.01,0.23,0
2026-05-21T15:38:17.206362,3046.9,-53.28,-54.42,-53.28,3.01,0.22,0
2026-05-21T15:38:17.304647,3046.9,-53.12,-54.15,-53.12,3.05,0.19,0
2026-05-21T15:38:17.431105,3046.9,-53.04,-53.93,-53.04,3.05,0.22,0
2026-05-21T15:38:17.563518,3046.9,-52.67,-53.75,-52.67,3.05,0.25,0
2026-05-21T15:38:17.659757,3046.9,-52.0,-53.33,-51.99,3.01,0.25,1
2026-05-21T15:38:17.770031,3046.9,-52.89,-53.18,-52.59,3.01,0.23,0
2026-05-21T15:38:17.899025,3046.9,-56.47,-53.61,-53.19,3.05,0.22,0
2026-05-21T15:38:18.006059,3046.9,-56.35,-54.23,-53.79,3.05,0.23,0
2026-05-21T15:38:18.162615,3046.9,-55.76,-54.98,-54.69,3.05,0.14,0
2026-05-21T15:38:18.281566,3046.9,-53.96,-54.8,-53.96,1.01,0.12,0
2026-05-21T15:38:18.452767,3046.9,-53.22,-54.2,-52.81,3.05,0.11,0
2026-05-21T15:38:18.572897,3046.9,-55.32,-54.38,-53.41,3.09,0.1,0
2026-05-21T15:38:18.697141,3046.9,-56.28,-54.89,-54.01,3.09,0.1,0
2026-05-21T15:38:18.872765,3046.9,-57.1,-55.49,-54.91,3.12,0.11,0
2026-05-21T15:38:18.978942,3046.9,-56.6,-55.73,-55.51,3.12,0.11,0
2026-05-21T15:38:19.092460,3046.9,-55.94,-55.81,-55.94,1.0,0.15,0
2026-05-21T15:38:19.245558,2503.2,-41.2,-54.14,-41.2,1.56,0.1,0
2026-05-21T15:38:19.385669,2503.2,-41.1,-51.26,-41.1,1.56,0.1,0
2026-05-21T15:38:19.564472,2503.2,-57.32,-51.32,-42.0,1.57,0.09,0
2026-05-21T15:38:19.655541,2503.2,-60.99,-53.34,-42.6,1.57,0.11,0
2026-05-21T15:38:19.772091,2503.2,-62.15,-55.27,-43.2,1.53,0.09,0
2026-05-21T15:38:19.865233,2503.2,-65.15,-57.39,-43.8,1.57,0.06,0
2026-05-21T15:38:19.986317,2503.2,-64.73,-58.98,-44.4,1.56,0.06,0
2026-05-21T15:38:20.097231,2503.2,-64.24,-60.2,-45.0,1.57,0.06,0
2026-05-21T15:38:20.214760,2503.2,-63.52,-61.0,-45.6,1.57,0.06,0
2026-05-21T15:38:20.339191,2503.2,-63.67,-61.58,-46.2,1.57,0.08,0
2026-05-21T15:38:20.464716,2503.2,-63.52,-61.93,-46.8,1.57,0.08,0
2026-05-21T15:38:20.561265,2503.2,-62.68,-62.24,-47.4,1.57,0.08,0
2026-05-21T15:38:20.701794,3046.9,-55.23,-60.56,-48.0,2.91,0.07,0
2026-05-21T15:38:20.796674,3046.9,-56.87,-59.64,-48.6,1.02,0.04,0
2026-05-21T15:38:20.975732,3046.9,-57.17,-58.98,-49.5,1.41,0.05,0
2026-05-21T15:38:21.107551,3046.9,-56.17,-58.47,-50.1,3.91,0.08,0
2026-05-21T15:38:21.220820,3046.9,-56.21,-57.93,-50.7,3.97,0.1,0
2026-05-21T15:38:21.354224,3046.9,-57.06,-56.67,-47.08,3.57,0.11,0
2026-05-21T15:38:21.451579,3052.3,-57.13,-55.72,-47.22,3.91,0.1,0
2026-05-21T15:38:21.620661,3052.3,-52.4,-55.34,-47.82,5.68,0.03,0
2026-05-21T15:38:21.769485,3052.3,-49.58,-54.23,-48.42,6.1,0.13,0
2026-05-21T15:38:21.894181,3052.3,-50.61,-53.32,-49.02,5.81,0.13,0
2026-05-21T15:38:21.993428,3052.3,-51.94,-52.95,-49.62,6.1,0.15,0
2026-05-21T15:38:22.154059,3052.3,-50.8,-52.52,-50.22,5.81,0.14,0
2026-05-21T15:38:22.272324,3052.3,-50.82,-52.15,-50.82,5.81,0.15,0
2026-05-21T15:38:22.385289,3052.3,-50.1,-51.76,-50.1,3.38,0.24,0
2026-05-21T15:38:22.544755,3052.3,-49.82,-51.32,-49.82,3.16,0.26,1
2026-05-21T15:38:22.644026,3052.3,-52.14,-51.37,-50.42,3.12,0.25,0
2026-05-21T15:38:22.762503,3052.3,-54.4,-52.04,-51.02,3.16,0.3,1
2026-05-21T15:38:22.879755,3052.3,-54.85,-52.6,-51.62,3.16,0.29,1
2026-05-21T15:38:23.032765,3052.3,-58.37,-54.0,-52.52,2.94,0.28,1
2026-05-21T15:38:23.148286,3052.3,-57.71,-54.83,-53.12,3.16,0.3,1
2026-05-21T15:38:23.269677,3052.3,-56.68,-55.32,-53.72,2.98,0.32,1
2026-05-21T15:38:23.386254,3052.3,-53.87,-54.98,-53.87,3.16,0.31,1
2026-05-21T15:38:23.497858,3052.3,-52.99,-54.63,-52.99,3.16,0.32,1
2026-05-21T15:38:23.628436,3052.3,-55.87,-54.81,-53.59,2.98,0.31,1
2026-05-21T15:38:23.790086,3052.3,-53.11,-54.64,-53.11,2.98,0.28,1
2026-05-21T15:38:23.886426,3052.3,-53.34,-54.34,-53.34,2.98,0.3,1
2026-05-21T15:38:24.024482,3052.3,-53.48,-54.14,-53.48,2.98,0.28,1
2026-05-21T15:38:24.114676,3052.3,-54.86,-54.31,-54.08,2.98,0.28,1
2026-05-21T15:38:24.264214,3052.3,-55.51,-54.52,-54.68,2.98,0.34,1
2026-05-21T15:38:24.446743,3052.3,-56.15,-54.79,-55.28,2.98,0.4,1
2026-05-21T15:38:24.609795,3052.3,-57.27,-55.19,-55.88,3.01,0.43,1
2026-05-21T15:38:24.731413,3052.3,-55.92,-55.28,-55.92,3.21,0.39,1
2026-05-21T15:38:24.836052,3052.3,-56.67,-55.54,-56.5,3.29,0.33,1
2026-05-21T15:38:24.967507,3052.3,-56.72,-55.77,-56.7,3.29,0.31,1
2026-05-21T15:38:25.073764,3052.3,-54.68,-55.67,-54.68,1.01,0.2,0
2026-05-21T15:38:25.227315,3052.3,-53.38,-54.98,-53.38,1.02,0.19,0
2026-05-21T15:38:25.379493,3052.3,-54.93,-54.93,-54.28,1.01,0.18,0
2026-05-21T15:38:25.554728,3052.3,-55.44,-54.98,-54.88,1.01,0.23,0
2026-05-21T15:38:25.737997,3052.3,-56.42,-55.21,-55.48,1.02,0.2,0
2026-05-21T15:38:25.870134,3052.3,-54.14,-55.09,-54.14,1.02,0.16,0
2026-05-21T15:38:26.040316,3052.3,-53.88,-54.82,-53.88,1.41,0.17,0
2026-05-21T15:38:26.174906,3052.3,-53.61,-54.56,-53.61,1.41,0.17,0
2026-05-21T15:38:26.281344,3052.3,-53.91,-54.4,-53.91,1.41,0.17,0
2026-05-21T15:38:26.403269,3052.3,-54.72,-54.39,-54.29,1.38,0.18,0
2026-05-21T15:38:26.526903,3052.3,-54.18,-54.41,-54.18,1.4,0.18,0
2026-05-21T15:38:26.641027,3052.3,-53.49,-54.23,-53.49,1.4,0.2,0
2026-05-21T15:38:26.764559,3052.3,-53.66,-54.11,-53.66,1.4,0.19,0
2026-05-21T15:38:26.892819,3046.9,-53.94,-54.09,-53.94,1.4,0.19,0
2026-05-21T15:38:26.990524,3046.9,-54.34,-54.09,-54.09,1.4,0.18,0
2026-05-21T15:38:27.102546,3046.9,-55.67,-54.41,-54.69,1.4,0.19,0
2026-05-21T15:38:27.218270,3046.9,-57.82,-55.02,-55.29,1.33,0.13,0
2026-05-21T15:38:27.337172,3046.9,-57.17,-55.62,-55.89,1.4,0.13,0
2026-05-21T15:38:27.444800,3046.9,-54.24,-55.48,-54.24,3.05,0.13,0
2026-05-21T15:38:27.556547,3046.9,-51.81,-54.81,-51.81,1.51,0.13,0
2026-05-21T15:38:27.701964,3041.6,-52.69,-54.03,-52.39,1.51,0.13,0
2026-05-21T15:38:27.814769,3041.6,-53.42,-53.87,-52.99,1.51,0.15,0
2026-05-21T15:38:27.936667,3041.6,-51.96,-53.51,-51.96,1.0,0.11,0
2026-05-21T15:38:28.029664,3041.6,-51.7,-53.13,-51.7,3.01,0.14,0
2026-05-21T15:38:28.161349,3041.6,-53.33,-53.0,-51.94,1.0,0.12,0
2026-05-21T15:38:28.262796,3041.6,-53.72,-53.2,-52.54,3.01,0.14,0
2026-05-21T15:38:28.414475,3041.6,-54.11,-53.54,-53.44,3.01,0.15,0
2026-05-21T15:38:28.566283,3041.6,-52.27,-53.4,-52.27,3.01,0.14,0
2026-05-21T15:38:28.681739,3041.6,-51.69,-53.01,-51.69,3.01,0.13,0
2026-05-21T15:38:28.774038,3041.6,-51.07,-52.66,-51.07,3.01,0.11,0
2026-05-21T15:38:28.914282,3041.6,-50.92,-52.23,-50.82,1.02,0.14,0
2026-05-21T15:38:29.047546,3041.6,-52.02,-52.05,-51.03,1.0,0.13,0
2026-05-21T15:38:29.182867,3041.6,-51.85,-52.13,-51.63,2.78,0.16,0
2026-05-21T15:38:29.333971,3041.6,-51.72,-52.07,-51.72,2.81,0.16,0
2026-05-21T15:38:29.496691,3041.6,-51.29,-51.92,-51.29,2.78,0.16,0
2026-05-21T15:38:29.599805,3041.6,-49.94,-51.69,-49.94,2.87,0.2,0
2026-05-21T15:38:29.753346,3041.6,-50.44,-51.37,-50.31,3.21,0.19,0
2026-05-21T15:38:29.954295,3041.6,-50.6,-51.27,-50.6,3.16,0.26,1
2026-05-21T15:38:30.091269,3041.6,-51.66,-51.34,-51.2,3.16,0.24,0
2026-05-21T15:38:30.277211,3041.6,-47.77,-50.71,-47.77,1.45,0.28,1
2026-05-21T15:38:30.475383,3041.6,-49.17,-50.22,-48.04,3.16,0.28,1
2026-05-21T15:38:30.593544,3041.6,-49.39,-50.01,-48.64,3.16,0.37,1
2026-05-21T15:38:30.745812,3041.6,-49.75,-49.9,-49.24,3.12,0.37,1
2026-05-21T15:38:30.877538,3041.6,-51.88,-50.35,-49.84,3.12,0.4,1
2026-05-21T15:38:31.050115,3041.6,-51.66,-50.66,-50.44,3.12,0.41,1
2026-05-21T15:38:31.168558,3041.6,-53.13,-51.15,-51.04,3.12,0.41,1
2026-05-21T15:38:31.335917,3041.6,-52.71,-51.52,-51.64,3.12,0.42,1
2026-05-21T15:38:31.434043,3041.6,-54.73,-52.12,-52.24,3.09,0.43,1
2026-05-21T15:38:31.571643,3041.6,-55.98,-52.88,-52.84,3.09,0.44,1
2026-05-21T15:38:31.710137,3041.6,-55.38,-53.49,-53.44,3.12,0.45,1
2026-05-21T15:38:31.838520,3041.6,-53.23,-53.65,-53.23,3.12,0.46,1
2026-05-21T15:38:31.946124,3041.6,-51.18,-53.13,-51.18,3.12,0.43,1
2026-05-21T15:38:32.042303,3046.9,-50.53,-52.56,-50.53,3.09,0.41,1
2026-05-21T15:38:32.202253,3046.9,-50.87,-52.21,-50.87,3.09,0.38,1
2026-05-21T15:38:32.350776,3046.9,-49.59,-51.64,-49.59,2.91,0.37,1
2026-05-21T15:38:32.461729,3046.9,-49.18,-51.35,-49.18,2.91,0.36,1
2026-05-21T15:38:32.559940,3046.9,-52.56,-51.58,-49.78,2.91,0.36,1
2026-05-21T15:38:32.702589,3046.9,-54.81,-52.11,-50.38,2.94,0.32,1
2026-05-21T15:38:32.821220,3046.9,-55.72,-52.82,-50.98,2.94,0.33,1
2026-05-21T15:38:32.928820,3046.9,-55.28,-53.36,-51.58,2.98,0.3,1
2026-05-21T15:38:33.025671,3046.9,-54.59,-53.66,-52.18,2.98,0.33,1
2026-05-21T15:38:33.250654,3046.9,-56.77,-54.14,-52.78,2.94,0.25,0
2026-05-21T15:38:33.357202,3046.9,-54.25,-54.23,-53.38,2.94,0.25,0
2026-05-21T15:38:33.496975,3046.9,-53.68,-54.12,-53.68,2.94,0.26,1
2026-05-21T15:38:33.603525,3046.9,-55.24,-54.32,-54.28,2.91,0.26,1
2026-05-21T15:38:33.761376,3046.9,-54.66,-54.54,-54.66,2.91,0.26,1
2026-05-21T15:38:33.919542,3046.9,-54.09,-54.55,-54.09,2.94,0.26,1
2026-05-21T15:38:34.052589,3046.9,-52.02,-53.99,-52.02,2.91,0.23,0
2026-05-21T15:38:34.181073,3046.9,-51.69,-53.47,-51.69,2.94,0.24,0
2026-05-21T15:38:34.360219,3046.9,-54.36,-53.56,-52.29,2.94,0.21,0
2026-05-21T15:38:34.484056,3046.9,-56.15,-54.06,-52.89,2.94,0.23,0
2026-05-21T15:38:34.615297,3046.9,-55.92,-54.53,-53.49,2.94,0.27,1
2026-05-21T15:38:34.760723,3046.9,-56.19,-54.88,-54.09,2.94,0.27,1
2026-05-21T15:38:34.860032,3046.9,-57.86,-55.41,-54.69,2.98,0.23,0
2026-05-21T15:38:34.976017,3046.9,-56.19,-55.77,-55.29,2.98,0.15,0
2026-05-21T15:38:35.132772,3046.9,-54.38,-55.57,-54.38,3.01,0.16,0
2026-05-21T15:38:35.254534,3046.9,-53.94,-55.25,-53.94,1.49,0.13,0
2026-05-21T15:38:35.406599,3046.9,-54.05,-54.95,-54.01,2.94,0.16,0
2026-05-21T15:38:35.535221,3046.9,-55.38,-54.91,-54.4,2.98,0.12,0
2026-05-21T15:38:35.710752,3046.9,-54.72,-54.99,-54.72,2.98,0.16,0
2026-05-21T15:38:35.880906,3052.3,-55.12,-55.0,-55.12,3.01,0.16,0
2026-05-21T15:38:36.003366,3052.3,-60.66,-56.0,-55.72,3.01,0.12,0
2026-05-21T15:38:36.152317,3052.3,-58.64,-56.76,-56.32,2.98,0.11,0
2026-05-21T15:38:36.284892,3052.3,-59.19,-57.25,-56.92,2.98,0.17,0
2026-05-21T15:38:36.454617,3052.3,-61.6,-57.95,-57.52,2.5,0.16,0
2026-05-21T15:38:36.651269,3052.3,-60.88,-58.66,-58.12,3.73,0.17,0
2026-05-21T15:38:36.820878,3052.3,-58.51,-58.76,-58.51,2.98,0.15,0
2026-05-21T15:38:36.969375,3052.3,-57.98,-58.58,-57.98,2.5,0.2,0
2026-05-21T15:38:37.102035,3052.3,-60.54,-58.95,-58.58,2.5,0.23,0
2026-05-21T15:38:37.211900,3052.3,-61.94,-59.5,-59.18,2.5,0.22,0
2026-05-21T15:38:37.356892,3052.3,-61.88,-60.01,-59.78,3.47,0.23,0
2026-05-21T15:38:37.484822,3052.3,-61.18,-60.29,-60.38,3.47,0.25,0
2026-05-21T15:38:37.697410,3052.3,-62.51,-60.71,-60.98,3.47,0.27,1
2026-05-21T15:38:37.791592,3052.3,-64.49,-61.45,-61.58,3.52,0.28,1
2026-05-21T15:38:37.931934,3052.3,-64.42,-62.12,-62.18,3.52,0.27,1
2026-05-21T15:38:38.034527,3052.3,-64.22,-62.63,-62.78,3.16,0.22,0
2026-05-21T15:38:38.151127,3052.3,-63.01,-62.78,-63.01,3.12,0.22,0
2026-05-21T15:38:38.256196,2761.6,-69.02,-64.14,-63.61,5.95,0.25,1
2026-05-21T15:38:38.405967,2702.4,-67.31,-65.0,-64.21,5.95,0.25,0
2026-05-21T15:38:38.549975,3057.7,-64.97,-64.98,-64.81,2.07,0.16,0
2026-05-21T15:38:38.638027,3052.3,-64.69,-64.94,-64.69,1.54,0.24,0
2026-05-21T15:38:38.836940,3052.3,-63.22,-64.65,-63.22,1.54,0.25,0
2026-05-21T15:38:38.950390,3052.3,-63.68,-64.44,-63.68,1.54,0.26,1
2026-05-21T15:38:39.152275,3052.3,-66.37,-64.82,-64.28,3.42,0.25,0
2026-05-21T15:38:39.281599,3052.3,-63.65,-64.6,-63.65,3.38,0.23,0
2026-05-21T15:38:39.387363,3052.3,-63.21,-64.29,-63.21,3.42,0.24,0
2026-05-21T15:38:39.532753,3052.3,-65.39,-64.42,-63.81,3.38,0.17,0
2026-05-21T15:38:39.632847,3052.3,-67.71,-65.15,-64.41,4.72,0.13,0
2026-05-21T15:38:39.745724,3052.3,-64.26,-65.09,-64.26,2.07,0.16,0
2026-05-21T15:38:39.895027,3052.3,-60.14,-64.01,-60.14,1.68,0.11,0
2026-05-21T15:38:39.989888,3052.3,-60.42,-63.18,-60.37,1.68,0.13,0
2026-05-21T15:38:40.164421,3052.3,-62.15,-62.75,-61.19,2.0,0.1,0
2026-05-21T15:38:40.276883,3052.3,-60.88,-62.31,-60.88,2.48,0.13,0
2026-05-21T15:38:40.419994,3052.3,-58.77,-61.65,-58.77,1.82,0.23,0
2026-05-21T15:38:40.526753,3052.3,-60.69,-61.33,-59.37,1.8,0.23,0
2026-05-21T15:38:40.642961,3052.3,-60.93,-61.19,-59.97,1.81,0.23,0
2026-05-21T15:38:40.793467,3052.3,-62.16,-61.57,-60.57,1.81,0.25,0
2026-05-21T15:38:40.907772,3052.3,-59.11,-61.0,-59.11,1.81,0.2,0
2026-05-21T15:38:41.019477,3052.3,-58.58,-60.45,-58.58,1.64,0.19,0
2026-05-21T15:38:41.122021,3052.3,-61.04,-60.4,-59.18,1.63,0.2,0
2026-05-21T15:38:41.236140,3052.3,-62.65,-60.82,-59.78,1.66,0.19,0
2026-05-21T15:38:41.361009,3052.3,-62.87,-61.28,-60.38,1.63,0.17,0
2026-05-21T15:38:41.533168,3052.3,-59.8,-61.06,-59.8,1.55,0.21,0
2026-05-21T15:38:41.653865,3052.3,-59.5,-60.72,-59.5,1.61,0.23,0
2026-05-21T15:38:41.768694,3052.3,-58.51,-60.24,-58.51,2.12,0.16,0
2026-05-21T15:38:41.908061,3052.3,-55.41,-59.32,-55.41,2.5,0.14,0
2026-05-21T15:38:42.069976,3052.3,-55.8,-58.46,-55.3,2.5,0.1,0
2026-05-21T15:38:42.257665,3052.3,-59.15,-58.27,-55.9,1.63,0.13,0
2026-05-21T15:38:42.378005,3052.3,-60.52,-58.68,-56.5,1.63,0.12,0
2026-05-21T15:38:42.548616,3052.3,-56.04,-58.52,-56.04,1.54,0.21,0
2026-05-21T15:38:42.671746,3052.3,-54.54,-57.71,-54.54,1.58,0.2,0
2026-05-21T15:38:42.777046,3052.3,-53.2,-56.69,-53.2,1.58,0.22,0
2026-05-21T15:38:42.882109,3052.3,-52.19,-55.69,-52.19,1.0,0.2,0
2026-05-21T15:38:42.995889,3052.3,-52.16,-54.9,-52.16,4.39,0.21,0
2026-05-21T15:38:43.150650,3052.3,-54.93,-54.7,-52.76,4.17,0.26,1
2026-05-21T15:38:43.250014,3052.3,-54.62,-54.62,-53.36,4.1,0.25,1
2026-05-21T15:38:43.354516,3052.3,-53.58,-54.46,-53.58,4.1,0.23,0
2026-05-21T15:38:43.504534,3052.3,-52.66,-53.94,-52.66,4.1,0.26,1
2026-05-21T15:38:43.617904,3052.3,-51.43,-53.52,-51.43,4.1,0.31,1
2026-05-21T15:38:43.717123,3052.3,-51.55,-53.09,-51.55,4.1,0.32,1
2026-05-21T15:38:43.917963,3052.3,-51.09,-52.51,-51.09,4.1,0.31,1
2026-05-21T15:38:44.032277,3052.3,-51.85,-52.26,-51.1,4.1,0.28,1
2026-05-21T15:38:44.150135,3052.3,-53.78,-52.45,-51.7,4.17,0.21,0
2026-05-21T15:38:44.258692,3052.3,-57.21,-53.36,-52.3,4.17,0.19,0
2026-05-21T15:38:44.385238,3052.3,-55.91,-53.91,-52.9,4.17,0.16,0
2026-05-21T15:38:44.550771,3052.3,-54.25,-54.12,-53.8,4.17,0.14,0
2026-05-21T15:38:44.652617,3052.3,-55.33,-54.43,-54.4,4.17,0.16,0
2026-05-21T15:38:44.752713,3052.3,-56.55,-54.74,-55.0,4.17,0.15,0
2026-05-21T15:38:44.927944,3052.3,-54.32,-54.75,-54.32,4.17,0.13,0
2026-05-21T15:38:45.050760,3052.3,-55.0,-54.77,-54.92,1.03,0.11,0
2026-05-21T15:38:45.153892,3052.3,-56.25,-54.89,-54.57,1.04,0.11,0
2026-05-21T15:38:45.319701,3052.3,-56.11,-55.26,-55.17,4.17,0.13,0
2026-05-21T15:38:45.448748,3046.9,-55.73,-55.27,-55.13,4.17,0.14,0
2026-05-21T15:38:45.556272,3046.9,-55.46,-55.34,-55.46,2.58,0.16,0
2026-05-21T15:38:45.677331,3046.9,-56.64,-55.64,-56.06,4.17,0.16,0
2026-05-21T15:38:45.851963,3046.9,-57.08,-55.94,-56.66,2.6,0.15,0
2026-05-21T15:38:45.960509,3046.9,-57.99,-56.46,-57.26,4.17,0.15,0
2026-05-21T15:38:46.087026,3046.9,-57.56,-56.71,-57.56,4.17,0.19,0
2026-05-21T15:38:46.216181,3046.9,-57.25,-56.86,-57.25,4.17,0.18,0
2026-05-21T15:38:46.310061,3046.9,-55.15,-56.73,-55.15,2.81,0.15,0
2026-05-21T15:38:46.451555,3046.9,-53.64,-56.03,-53.64,2.78,0.12,0
2026-05-21T15:38:46.561235,3046.9,-53.55,-55.52,-53.55,1.03,0.12,0
2026-05-21T15:38:46.673719,3046.9,-55.25,-55.28,-53.79,1.03,0.13,0
2026-05-21T15:38:46.790799,3046.9,-55.02,-55.21,-54.39,1.03,0.16,0
2026-05-21T15:38:46.921093,3046.9,-58.1,-55.57,-54.99,2.63,0.1,0
2026-05-21T15:38:47.067481,3046.9,-57.0,-55.96,-55.89,2.63,0.15,0
2026-05-21T15:38:47.206949,3046.9,-56.61,-56.17,-56.49,2.66,0.15,0
2026-05-21T15:38:47.334971,3046.9,-58.09,-56.59,-57.09,2.63,0.14,0
2026-05-21T15:38:47.447316,3046.9,-56.04,-56.53,-56.04,2.63,0.13,0
2026-05-21T15:38:47.552209,3046.9,-54.58,-56.22,-54.58,1.0,0.15,0
2026-05-21T15:38:47.668627,3046.9,-54.58,-55.86,-54.58,1.0,0.17,0
2026-05-21T15:38:47.828389,3052.3,-52.84,-54.92,-52.84,4.03,0.14,0
2026-05-21T15:38:47.985572,3052.3,-53.02,-54.52,-53.02,3.97,0.17,0
2026-05-21T15:38:48.100471,3052.3,-53.07,-54.19,-53.07,3.73,0.25,0
2026-05-21T15:38:48.208433,3052.3,-53.48,-53.99,-53.38,3.68,0.22,0
2026-05-21T15:38:48.338397,3052.3,-57.08,-54.47,-53.98,3.68,0.22,0
2026-05-21T15:38:48.451964,3052.3,-58.18,-55.28,-54.58,3.68,0.21,0
2026-05-21T15:38:48.552653,3052.3,-57.64,-55.87,-55.18,3.68,0.22,0
2026-05-21T15:38:48.709384,3052.3,-55.37,-55.91,-55.37,3.68,0.22,0
2026-05-21T15:38:48.831718,3052.3,-53.71,-55.56,-53.71,3.73,0.18,0
2026-05-21T15:38:48.923326,3052.3,-53.56,-55.13,-53.56,3.68,0.18,0
2026-05-21T15:38:49.051702,3052.3,-54.75,-54.97,-54.16,3.73,0.19,0
2026-05-21T15:38:49.174931,3052.3,-56.99,-55.38,-54.76,3.97,0.19,0
2026-05-21T15:38:49.354250,3052.3,-56.13,-55.67,-55.36,3.73,0.14,0
2026-05-21T15:38:49.448506,3052.3,-53.48,-55.42,-53.48,3.68,0.14,0
2026-05-21T15:38:49.588563,3052.3,-52.51,-54.78,-52.51,3.68,0.14,0
2026-05-21T15:38:49.709946,3052.3,-50.75,-54.02,-50.75,6.1,0.13,0
2026-05-21T15:38:49.813799,3052.3,-50.71,-53.38,-50.71,6.1,0.16,0
2026-05-21T15:38:49.941378,3052.3,-51.79,-52.93,-51.15,6.1,0.16,0
2026-05-21T15:38:50.060439,3052.3,-49.32,-52.27,-49.32,4.03,0.16,0
2026-05-21T15:38:50.167856,3052.3,-50.24,-51.82,-49.92,3.97,0.17,0
2026-05-21T15:38:50.278437,3052.3,-51.26,-51.59,-50.52,3.68,0.16,0
2026-05-21T15:38:50.394200,3052.3,-50.82,-51.59,-50.82,3.21,0.27,1
2026-05-21T15:38:50.505400,3052.3,-50.16,-51.3,-50.16,3.16,0.27,1
2026-05-21T15:38:50.630477,3052.3,-52.96,-51.39,-50.55,3.05,0.25,1
2026-05-21T15:38:50.744281,3052.3,-55.36,-52.16,-51.15,3.05,0.25,1
2026-05-21T15:38:50.864071,3052.3,-54.28,-52.74,-51.75,3.01,0.27,1
2026-05-21T15:38:50.972638,3052.3,-53.45,-52.97,-52.35,3.01,0.28,1
2026-05-21T15:38:51.087452,3052.3,-52.83,-52.94,-52.83,2.98,0.29,1
2026-05-21T15:38:51.273883,3052.3,-52.81,-52.82,-52.43,2.91,0.28,1
2026-05-21T15:38:51.404371,3052.3,-53.94,-52.93,-52.92,2.91,0.28,1
2026-05-21T15:38:51.563683,3052.3,-54.05,-53.29,-53.52,2.94,0.29,1
2026-05-21T15:38:51.702380,3052.3,-51.84,-53.14,-51.84,2.94,0.3,1
2026-05-21T15:38:51.857448,3052.3,-48.51,-51.89,-48.51,2.94,0.21,0
2026-05-21T15:38:51.968376,3052.3,-49.44,-51.28,-49.07,2.94,0.2,0
2026-05-21T15:38:52.119749,3052.3,-50.6,-50.95,-49.97,2.94,0.28,1
2026-05-21T15:38:52.250386,3052.3,-49.47,-50.69,-49.47,2.94,0.28,1
2026-05-21T15:38:52.347941,3052.3,-51.64,-50.7,-50.07,2.94,0.3,1
2026-05-21T15:38:52.503376,3052.3,-56.21,-51.55,-50.67,2.94,0.25,0
2026-05-21T15:38:52.669121,3052.3,-56.08,-53.0,-51.57,2.94,0.22,0
2026-05-21T15:38:52.833870,3052.3,-55.99,-53.72,-52.17,2.94,0.23,0
2026-05-21T15:38:52.951833,3052.3,-56.74,-54.39,-52.77,2.94,0.21,0
2026-05-21T15:38:53.075657,3052.3,-54.53,-54.55,-53.37,2.91,0.14,0
2026-05-21T15:38:53.216208,3046.9,-48.31,-52.63,-48.31,1.06,0.08,0
2026-05-21T15:38:53.335502,3046.9,-48.47,-51.71,-48.47,2.94,0.11,0
2026-05-21T15:38:53.425729,3046.9,-50.68,-51.35,-49.07,2.98,0.15,0
2026-05-21T15:38:53.543332,3046.9,-51.69,-51.44,-49.67,2.98,0.12,0
2026-05-21T15:38:53.677104,3046.9,-54.54,-52.02,-50.57,2.98,0.11,0
2026-05-21T15:38:53.783754,3046.9,-53.73,-52.55,-51.17,2.98,0.09,0
2026-05-21T15:38:53.913034,3046.9,-51.27,-52.33,-51.27,3.01,0.08,0
2026-05-21T15:38:54.080951,3046.9,-51.11,-52.03,-51.11,3.01,0.08,0
2026-05-21T15:38:54.254269,3046.9,-53.05,-52.26,-52.01,1.07,0.1,0
2026-05-21T15:38:54.416793,3046.9,-52.32,-52.07,-51.71,2.36,0.1,0
2026-05-21T15:38:54.548651,3046.9,-50.62,-51.78,-50.62,2.45,0.12,0
2026-05-21T15:38:54.682975,3046.9,-50.55,-51.59,-50.55,2.5,0.1,0
2026-05-21T15:38:54.801185,3046.9,-49.97,-51.27,-49.97,1.07,0.15,0
2026-05-21T15:38:54.903256,3046.9,-49.84,-50.93,-49.84,1.07,0.12,0
2026-05-21T15:38:55.042187,3046.9,-50.55,-50.82,-50.44,1.0,0.1,0
2026-05-21T15:38:55.147298,3046.9,-50.92,-50.86,-50.92,2.48,0.12,0
2026-05-21T15:38:55.260104,3046.9,-50.77,-50.83,-50.77,2.48,0.14,0
2026-05-21T15:38:55.379888,3046.9,-51.42,-50.83,-50.43,2.48,0.13,0
2026-05-21T15:38:55.516246,3046.9,-52.04,-51.01,-51.03,1.37,0.14,0
2026-05-21T15:38:55.604239,3046.9,-51.98,-51.12,-51.33,1.36,0.13,0
2026-05-21T15:38:55.732587,3046.9,-51.69,-51.28,-51.69,1.37,0.14,0
2026-05-21T15:38:55.841614,3046.9,-52.4,-51.43,-51.78,2.48,0.12,0
2026-05-21T15:38:55.986009,3046.9,-49.88,-51.24,-49.88,2.58,0.12,0
2026-05-21T15:38:56.111695,3046.9,-50.25,-50.97,-50.09,2.58,0.18,0
2026-05-21T15:38:56.249676,3046.9,-54.35,-51.35,-50.69,2.58,0.2,0
2026-05-21T15:38:56.365789,3046.9,-51.86,-51.45,-51.29,2.69,0.21,0
2026-05-21T15:38:56.483274,3046.9,-50.77,-51.36,-50.77,2.72,0.25,1
2026-05-21T15:38:56.591514,3046.9,-53.0,-51.65,-51.37,2.72,0.24,0
2026-05-21T15:38:56.729290,3046.9,-55.18,-52.26,-51.97,2.72,0.24,0
2026-05-21T15:38:56.855706,3046.9,-54.62,-52.86,-52.57,2.72,0.26,1
2026-05-21T15:38:56.962639,3046.9,-52.45,-52.87,-52.45,2.75,0.26,1
2026-05-21T15:38:57.071106,3046.9,-52.59,-52.76,-52.48,2.75,0.27,1
2026-05-21T15:38:57.217220,3046.9,-55.46,-53.14,-53.08,2.75,0.26,1
2026-05-21T15:38:57.373255,3046.9,-55.86,-53.93,-53.98,2.75,0.26,1
2026-05-21T15:38:57.545052,3046.9,-57.07,-54.69,-54.88,2.75,0.29,1
2026-05-21T15:38:57.655244,3046.9,-53.35,-54.53,-53.35,2.75,0.29,1
2026-05-21T15:38:57.759599,3046.9,-53.35,-54.27,-53.35,2.75,0.3,1
2026-05-21T15:38:57.858414,3046.9,-55.76,-54.36,-53.79,2.75,0.31,1
2026-05-21T15:38:58.012888,3046.9,-60.83,-55.95,-54.69,2.78,0.27,1
2026-05-21T15:38:58.136470,3046.9,-57.06,-56.26,-55.29,2.78,0.26,1
2026-05-21T15:38:58.260781,3046.9,-56.52,-56.34,-55.89,2.91,0.28,1
2026-05-21T15:38:58.363684,3046.9,-56.42,-56.38,-56.42,2.91,0.29,1
2026-05-21T15:38:58.495964,3046.9,-56.67,-56.58,-56.67,2.91,0.28,1
2026-05-21T15:38:58.635114,3046.9,-53.91,-56.26,-53.91,2.94,0.25,0
2026-05-21T15:38:58.729092,3046.9,-52.41,-55.5,-52.41,2.91,0.24,0
2026-05-21T15:38:58.891998,3046.9,-52.89,-54.84,-52.34,1.5,0.13,0
2026-05-21T15:38:59.004018,3046.9,-53.83,-54.62,-52.94,1.49,0.14,0
2026-05-21T15:38:59.136447,3046.9,-53.92,-54.49,-53.54,1.49,0.15,0
2026-05-21T15:38:59.245167,3046.9,-54.52,-54.5,-54.14,1.49,0.1,0
2026-05-21T15:38:59.372344,3046.9,-54.85,-54.49,-54.33,2.5,0.12,0
2026-05-21T15:38:59.553066,3046.9,-54.86,-54.63,-54.86,1.47,0.1,0
2026-05-21T15:38:59.672444,3046.9,-53.49,-54.45,-53.49,3.47,0.1,0
2026-05-21T15:38:59.787420,3046.9,-52.63,-54.1,-52.63,3.47,0.1,0
2026-05-21T15:38:59.922453,3046.9,-53.94,-53.99,-53.23,1.04,0.13,0
2026-05-21T15:39:00.066902,3046.9,-55.36,-54.32,-53.83,1.04,0.16,0
2026-05-21T15:39:00.200213,3046.9,-56.06,-54.76,-54.43,1.04,0.17,0
2026-05-21T15:39:00.327367,3046.9,-55.22,-54.97,-55.03,1.04,0.19,0
2026-05-21T15:39:00.455577,3046.9,-55.11,-55.0,-55.11,1.04,0.17,0
2026-05-21T15:39:00.562036,3046.9,-55.75,-55.13,-55.65,3.62,0.2,0
2026-05-21T15:39:00.684761,3046.9,-56.11,-55.38,-56.11,3.62,0.26,1
2026-05-21T15:39:00.792229,3046.9,-53.9,-55.06,-53.9,1.04,0.23,0
2026-05-21T15:39:00.909967,3046.9,-53.95,-54.79,-53.95,1.04,0.24,0
2026-05-21T15:39:01.023992,3046.9,-54.57,-54.65,-53.97,1.04,0.2,0
2026-05-21T15:39:01.200279,3046.9,-54.19,-54.71,-54.19,1.03,0.19,0
2026-05-21T15:39:01.327616,3046.9,-51.49,-54.16,-51.49,1.02,0.18,0
2026-05-21T15:39:01.426905,3046.9,-50.56,-53.44,-50.56,1.03,0.11,0
2026-05-21T15:39:01.598011,3046.9,-52.33,-52.93,-51.46,1.68,0.13,0
2026-05-21T15:39:01.720259,3046.9,-52.37,-52.75,-52.06,3.52,0.15,0
2026-05-21T15:39:01.827489,3046.9,-52.63,-52.71,-52.63,3.25,0.16,0
2026-05-21T15:39:01.945741,3046.9,-55.02,-53.04,-53.23,3.25,0.13,0
2026-05-21T15:39:02.087213,3046.9,-55.61,-53.68,-53.83,3.25,0.13,0
2026-05-21T15:39:02.199869,3046.9,-56.28,-54.22,-54.43,3.05,0.12,0
2026-05-21T15:39:02.342103,3046.9,-53.73,-54.23,-53.73,1.45,0.12,0
2026-05-21T15:39:02.499853,3046.9,-52.04,-53.76,-52.04,1.01,0.11,0
2026-05-21T15:39:02.608819,3046.9,-52.84,-53.54,-52.64,1.0,0.15,0
2026-05-21T15:39:02.749648,3046.9,-54.3,-53.69,-53.24,1.0,0.15,0
2026-05-21T15:39:02.863574,3046.9,-54.56,-53.85,-53.84,1.0,0.16,0
2026-05-21T15:39:03.009311,3046.9,-56.32,-54.51,-54.74,1.0,0.16,0
2026-05-21T15:39:03.154965,3046.9,-54.32,-54.55,-54.32,1.0,0.14,0
2026-05-21T15:39:03.264542,3046.9,-52.66,-54.26,-52.66,1.0,0.14,0
2026-05-21T15:39:03.378660,3046.9,-51.62,-53.7,-51.62,1.01,0.17,0
2026-05-21T15:39:03.485548,3046.9,-51.61,-53.24,-51.61,1.01,0.24,0
2026-05-21T15:39:03.587971,3046.9,-53.75,-53.19,-52.21,1.01,0.23,0
2026-05-21T15:39:03.702725,3046.9,-53.66,-53.34,-52.81,1.01,0.26,1
2026-05-21T15:39:03.824058,3046.9,-52.37,-53.25,-52.37,1.01,0.23,0
2026-05-21T15:39:03.942224,3046.9,-52.45,-53.04,-52.45,1.02,0.23,0
2026-05-21T15:39:04.082155,3046.9,-52.15,-52.84,-52.15,1.01,0.18,0
2026-05-21T15:39:04.180136,3046.9,-52.56,-52.78,-52.56,2.98,0.17,0
2026-05-21T15:39:04.296513,3046.9,-54.75,-53.04,-53.16,1.38,0.19,0
2026-05-21T15:39:04.469969,3046.9,-55.39,-53.49,-54.01,1.43,0.22,0
2026-05-21T15:39:04.650578,3046.9,-55.53,-54.04,-54.91,2.91,0.2,0
2026-05-21T15:39:04.747759,3046.9,-55.36,-54.37,-55.36,2.94,0.22,0
2026-05-21T15:39:04.886016,3046.9,-55.91,-54.72,-55.91,2.94,0.22,0
2026-05-21T15:39:05.046565,3046.9,-54.78,-55.07,-54.78,2.94,0.23,0
2026-05-21T15:39:05.168000,3046.9,-51.78,-54.42,-51.78,2.98,0.19,0
2026-05-21T15:39:05.281601,3046.9,-51.63,-53.78,-51.63,2.98,0.17,0
2026-05-21T15:39:05.383267,3046.9,-51.87,-53.4,-51.87,2.94,0.23,0
2026-05-21T15:39:05.500353,3046.9,-50.03,-52.7,-50.03,2.94,0.26,1
2026-05-21T15:39:05.622077,3046.9,-50.46,-52.15,-50.17,2.91,0.29,1
2026-05-21T15:39:05.761066,3046.9,-53.97,-52.31,-50.77,2.91,0.23,0
2026-05-21T15:39:05.884781,3046.9,-52.74,-52.6,-51.37,2.81,0.26,1
2026-05-21T15:39:06.067434,3046.9,-52.48,-52.56,-52.27,2.91,0.31,1
2026-05-21T15:39:06.224632,3046.9,-52.17,-52.48,-52.17,2.91,0.29,1
2026-05-21T15:39:06.375449,3046.9,-51.81,-52.34,-51.81,2.94,0.32,1
2026-05-21T15:39:06.481998,3046.9,-55.58,-52.95,-52.41,2.91,0.32,1
2026-05-21T15:39:06.589691,3046.9,-54.26,-53.43,-53.01,2.94,0.3,1
2026-05-21T15:39:06.733354,3046.9,-52.94,-53.43,-52.94,2.94,0.29,1
2026-05-21T15:39:06.869898,3046.9,-49.28,-52.53,-49.28,1.45,0.22,0
2026-05-21T15:39:07.011607,3041.6,-49.85,-51.89,-49.7,1.45,0.24,0
2026-05-21T15:39:07.186968,3041.6,-55.46,-52.83,-50.6,1.45,0.26,1
2026-05-21T15:39:07.295495,3041.6,-55.03,-53.33,-51.2,1.45,0.23,0
2026-05-21T15:39:07.388847,3041.6,-53.38,-53.51,-51.8,1.45,0.23,0
2026-05-21T15:39:07.523779,3046.9,-52.53,-53.29,-52.4,1.45,0.26,1
2026-05-21T15:39:07.606861,3041.6,-51.96,-52.99,-51.96,1.47,0.23,0
2026-05-21T15:39:07.746302,3041.6,-53.51,-52.99,-52.56,1.45,0.25,0
2026-05-21T15:39:07.840979,3041.6,-51.83,-52.9,-51.83,1.48,0.26,1
2026-05-21T15:39:07.958820,3041.6,-51.22,-52.57,-51.22,1.47,0.25,0
2026-05-21T15:39:08.110584,3041.6,-52.79,-52.5,-52.12,1.52,0.26,1
2026-05-21T15:39:08.233221,3041.6,-54.49,-52.81,-52.72,1.52,0.26,1
2026-05-21T15:39:08.317752,3046.9,-52.79,-52.85,-52.79,1.52,0.27,1
2026-05-21T15:39:08.462478,3046.9,-52.63,-52.79,-52.63,1.52,0.28,1
2026-05-21T15:39:08.559554,3041.6,-52.62,-52.78,-52.62,1.52,0.25,0
2026-05-21T15:39:08.684817,3041.6,-53.08,-52.81,-53.07,1.52,0.24,0
2026-05-21T15:39:08.857906,3041.6,-52.04,-52.74,-52.04,1.52,0.24,0
2026-05-21T15:39:08.959973,3041.6,-51.07,-52.46,-51.07,1.55,0.25,0
2026-05-21T15:39:09.057209,3041.6,-51.68,-52.26,-51.67,1.56,0.24,0
2026-05-21T15:39:09.203368,3041.6,-53.0,-52.32,-52.27,1.55,0.16,0
2026-05-21T15:39:09.312751,3041.6,-54.0,-52.72,-52.87,1.55,0.14,0
2026-05-21T15:39:09.461744,3041.6,-55.69,-53.34,-53.77,1.41,0.14,0
2026-05-21T15:39:09.579878,3041.6,-56.5,-53.96,-54.37,1.41,0.12,0
2026-05-21T15:39:09.676059,3041.6,-58.25,-54.86,-54.97,3.42,0.13,0
2026-05-21T15:39:09.802400,3041.6,-59.96,-55.85,-55.57,3.47,0.22,0
2026-05-21T15:39:09.920712,3041.6,-57.96,-56.53,-56.17,3.47,0.22,0
2026-05-21T15:39:10.020360,3041.6,-54.3,-56.36,-54.3,3.47,0.18,0
2026-05-21T15:39:10.143604,3041.6,-53.52,-55.78,-53.52,3.47,0.18,0
2026-05-21T15:39:10.320296,3041.6,-53.58,-55.11,-53.58,3.47,0.17,0
2026-05-21T15:39:10.438134,3046.9,-54.38,-54.94,-54.18,5.21,0.14,0
2026-05-21T15:39:10.582290,3041.6,-54.26,-54.79,-54.26,3.25,0.14,0
2026-05-21T15:39:10.706983,3041.6,-53.69,-54.59,-53.69,3.52,0.16,0
2026-05-21T15:39:10.813808,3046.9,-53.82,-54.42,-53.82,3.52,0.17,0
2026-05-21T15:39:10.912698,3041.6,-54.27,-54.35,-54.24,4.81,0.19,0
2026-05-21T15:39:11.087990,3041.6,-55.5,-54.59,-55.08,4.81,0.19,0
2026-05-21T15:39:11.208240,3041.6,-55.77,-54.79,-55.49,4.81,0.17,0
2026-05-21T15:39:11.296458,3041.6,-52.84,-54.6,-52.84,5.21,0.15,0
2026-05-21T15:39:11.451220,3041.6,-52.39,-54.05,-52.15,5.21,0.14,0
2026-05-21T15:39:11.561784,3041.6,-52.9,-53.66,-51.91,5.21,0.16,0
2026-05-21T15:39:11.669222,3041.6,-53.4,-53.68,-52.51,5.32,0.2,0
2026-05-21T15:39:11.835747,3041.6,-54.01,-53.67,-53.11,5.32,0.21,0
2026-05-21T15:39:11.950275,3041.6,-51.78,-53.36,-51.78,5.21,0.18,0
2026-05-21T15:39:12.072875,3041.6,-51.05,-52.87,-51.05,5.21,0.18,0
2026-05-21T15:39:12.181223,3041.6,-52.42,-52.7,-51.65,1.5,0.16,0
2026-05-21T15:39:12.304955,3041.6,-53.15,-52.78,-52.25,1.5,0.14,0
2026-05-21T15:39:12.413270,3041.6,-52.78,-52.79,-52.78,2.91,0.16,0
2026-05-21T15:39:12.529427,3041.6,-53.69,-52.93,-53.38,2.91,0.16,0
2026-05-21T15:39:12.651741,3041.6,-56.47,-53.6,-53.98,2.91,0.17,0
2026-05-21T15:39:12.748202,3041.6,-55.49,-54.09,-54.58,2.87,0.17,0
2026-05-21T15:39:12.887944,3041.6,-54.7,-54.23,-54.7,2.87,0.17,0
2026-05-21T15:39:13.009081,3041.6,-50.91,-53.63,-50.91,1.45,0.19,0
2026-05-21T15:39:13.152097,3041.6,-50.33,-52.55,-50.33,1.45,0.22,0
2026-05-21T15:39:13.307072,3041.6,-50.28,-52.12,-50.28,2.87,0.19,0
2026-05-21T15:39:13.422605,3041.6,-49.6,-51.64,-49.6,2.87,0.26,1
2026-05-21T15:39:13.611137,3041.6,-52.16,-51.51,-50.5,2.87,0.28,1
2026-05-21T15:39:13.808648,3041.6,-52.44,-51.8,-51.1,2.87,0.23,0
2026-05-21T15:39:13.920984,3041.6,-51.81,-51.87,-51.7,2.87,0.23,0
2026-05-21T15:39:14.101584,3041.6,-49.93,-51.48,-49.93,2.87,0.23,0
2026-05-21T15:39:14.216277,3041.6,-50.09,-51.2,-50.09,2.87,0.22,0
2026-05-21T15:39:14.329342,3041.6,-50.1,-51.01,-50.1,1.02,0.26,1
2026-05-21T15:39:14.487368,3041.6,-48.73,-50.36,-48.73,2.91,0.27,1
2026-05-21T15:39:14.581007,3041.6,-49.01,-50.02,-48.94,2.91,0.27,1
2026-05-21T15:39:14.733992,3041.6,-47.0,-49.39,-47.0,2.91,0.29,1
2026-05-21T15:39:14.918438,3041.6,-46.45,-48.69,-46.31,2.91,0.31,1
2026-05-21T15:39:15.074055,3041.6,-50.5,-48.85,-46.91,3.09,0.3,1
2026-05-21T15:39:15.221073,3046.9,-50.9,-49.24,-47.51,2.94,0.29,1
2026-05-21T15:39:15.337486,3041.6,-52.09,-49.87,-48.11,2.94,0.29,1
2026-05-21T15:39:15.470914,3046.9,-49.56,-49.94,-48.71,2.94,0.23,0
2026-05-21T15:39:15.608360,3046.9,-49.15,-49.79,-49.15,1.51,0.24,0
2026-05-21T15:39:15.753249,3046.9,-45.2,-48.82,-45.2,3.21,0.21,0
2026-05-21T15:39:15.857146,3046.9,-45.32,-48.03,-45.32,2.91,0.2,0
2026-05-21T15:39:15.974265,3041.6,-45.36,-47.4,-45.28,3.16,0.22,0
2026-05-21T15:39:16.077818,3041.6,-44.98,-46.98,-44.98,3.12,0.38,1
2026-05-21T15:39:16.200666,3041.6,-45.09,-46.5,-44.81,3.12,0.35,1
2026-05-21T15:39:16.337194,3041.6,-45.69,-46.28,-45.41,3.12,0.35,1
2026-05-21T15:39:16.461362,3046.9,-48.07,-46.78,-46.01,2.94,0.38,1
2026-05-21T15:39:16.582816,3041.6,-47.92,-47.04,-46.61,2.94,0.38,1
2026-05-21T15:39:16.689190,3046.9,-46.16,-46.82,-46.16,2.91,0.37,1
2026-05-21T15:39:16.805211,3046.9,-45.73,-46.68,-45.73,2.94,0.36,1
2026-05-21T15:39:16.945038,3046.9,-45.58,-46.45,-45.58,2.91,0.37,1
2026-05-21T15:39:17.071327,3046.9,-43.16,-45.74,-43.16,2.91,0.33,1
2026-05-21T15:39:17.277449,3046.9,-44.72,-45.18,-43.76,2.91,0.32,1
2026-05-21T15:39:17.421120,3046.9,-44.86,-45.13,-44.36,2.91,0.38,1
2026-05-21T15:39:17.532978,3046.9,-42.62,-44.58,-42.62,2.91,0.36,1
2026-05-21T15:39:17.683156,3046.9,-43.21,-44.26,-43.21,2.91,0.38,1
2026-05-21T15:39:17.811028,3046.9,-44.97,-44.24,-43.51,2.91,0.36,1
2026-05-21T15:39:17.906138,3046.9,-44.9,-44.37,-44.11,2.91,0.37,1
2026-05-21T15:39:18.067957,3046.9,-46.06,-44.68,-44.71,2.91,0.39,1
2026-05-21T15:39:18.179374,3046.9,-42.34,-44.18,-42.34,2.87,0.32,1
2026-05-21T15:39:18.332074,3046.9,-42.15,-43.76,-42.15,2.87,0.32,1
2026-05-21T15:39:18.478257,3046.9,-46.18,-44.03,-42.75,1.46,0.3,1
2026-05-21T15:39:18.569879,3046.9,-47.92,-44.65,-43.35,1.46,0.29,1
2026-05-21T15:39:18.741711,3046.9,-45.15,-44.93,-43.95,2.87,0.29,1
2026-05-21T15:39:18.834425,3046.9,-45.9,-45.1,-44.55,2.84,0.28,1
2026-05-21T15:39:18.971878,3046.9,-48.85,-45.63,-45.15,2.87,0.29,1
2026-05-21T15:39:19.133042,3046.9,-44.63,-45.67,-44.63,2.84,0.31,1
2026-05-21T15:39:19.264035,3046.9,-44.43,-45.36,-44.43,2.84,0.33,1
2026-05-21T15:39:19.372521,3046.9,-50.12,-46.15,-45.03,2.72,0.29,1
2026-05-21T15:39:19.489017,3046.9,-51.16,-47.35,-45.63,2.81,0.28,1
2026-05-21T15:39:19.614309,3046.9,-49.64,-47.83,-46.23,2.84,0.31,1
2026-05-21T15:39:19.728117,3046.9,-46.96,-47.72,-46.83,2.84,0.32,1
2026-05-21T15:39:19.860429,3046.9,-46.91,-47.53,-46.91,2.84,0.32,1
2026-05-21T15:39:19.976886,3052.3,-47.79,-47.46,-46.85,2.87,0.33,1
2026-05-21T15:39:20.125577,3052.3,-47.36,-47.41,-47.36,2.87,0.32,1
2026-05-21T15:39:20.271554,3052.3,-47.79,-47.47,-47.79,2.87,0.33,1
2026-05-21T15:39:20.392984,3052.3,-51.42,-48.17,-48.39,2.87,0.3,1
2026-05-21T15:39:20.528408,3052.3,-53.11,-49.18,-48.99,2.87,0.35,1
2026-05-21T15:39:20.680373,3052.3,-52.29,-49.88,-49.59,2.91,0.34,1
2026-05-21T15:39:20.815868,3052.3,-50.26,-50.02,-50.19,2.91,0.33,1
2026-05-21T15:39:20.925100,3052.3,-49.59,-49.96,-49.59,2.91,0.32,1
2026-05-21T15:39:21.081461,3052.3,-50.7,-50.09,-50.19,2.91,0.42,1
2026-05-21T15:39:21.188964,3052.3,-49.12,-49.97,-49.12,2.91,0.5,1
2026-05-21T15:39:21.327324,3052.3,-49.0,-49.67,-48.5,2.91,0.43,1
2026-05-21T15:39:21.472229,3052.3,-49.67,-49.54,-48.74,2.91,0.44,1
2026-05-21T15:39:21.639980,3052.3,-47.2,-49.25,-47.2,2.91,0.42,1
2026-05-21T15:39:21.805557,3052.3,-47.31,-48.9,-47.31,2.91,0.34,1
2026-05-21T15:39:21.892251,3052.3,-46.28,-48.3,-46.28,1.46,0.33,1
2026-05-21T15:39:22.061569,3052.3,-47.04,-47.94,-46.56,2.91,0.39,1
2026-05-21T15:39:22.178542,3052.3,-55.6,-49.24,-47.16,2.94,0.34,1
2026-05-21T15:39:22.311381,3052.3,-52.69,-50.22,-47.76,2.94,0.31,1
2026-05-21T15:39:22.450549,3052.3,-51.65,-50.67,-48.36,2.94,0.36,1
2026-05-21T15:39:22.588276,3052.3,-49.72,-50.47,-48.96,2.94,0.32,1
2026-05-21T15:39:22.761345,3046.9,-50.53,-50.28,-49.78,1.45,0.35,1
2026-05-21T15:39:22.882443,3046.9,-48.58,-50.02,-48.58,1.45,0.33,1
2026-05-21T15:39:23.042326,3046.9,-47.26,-49.49,-47.26,1.46,0.29,1
2026-05-21T15:39:23.130311,3046.9,-47.6,-49.27,-47.56,2.94,0.31,1
2026-05-21T15:39:23.279999,3046.9,-50.37,-49.45,-48.16,2.94,0.28,1
2026-05-21T15:39:23.405427,3046.9,-51.81,-49.81,-48.76,1.46,0.31,1
2026-05-21T15:39:23.561133,3046.9,-51.53,-50.13,-49.36,1.46,0.32,1
2026-05-21T15:39:23.678034,3046.9,-51.48,-50.41,-49.96,1.46,0.3,1
2026-05-21T15:39:23.801491,3046.9,-51.26,-50.68,-50.56,1.45,0.32,1
2026-05-21T15:39:23.933221,3046.9,-49.6,-50.56,-49.6,1.46,0.31,1
2026-05-21T15:39:24.029773,3046.9,-49.09,-50.23,-49.09,1.46,0.32,1
2026-05-21T15:39:24.181449,3052.3,-50.9,-50.34,-49.99,1.45,0.31,1
2026-05-21T15:39:24.280306,3052.3,-51.24,-50.56,-50.59,1.45,0.29,1
2026-05-21T15:39:24.381817,3052.3,-51.78,-50.76,-51.19,1.46,0.34,1
2026-05-21T15:39:24.507401,3052.3,-51.63,-51.01,-51.63,1.46,0.33,1
2026-05-21T15:39:24.619896,3052.3,-51.0,-51.02,-51.0,1.46,0.34,1
2026-05-21T15:39:24.759764,3052.3,-52.35,-51.14,-51.2,2.91,0.39,1
2026-05-21T15:39:24.947138,3052.3,-53.54,-51.78,-52.1,2.91,0.6,1
2026-05-21T15:39:25.084868,3052.3,-52.93,-52.03,-52.7,2.91,0.62,1
2026-05-21T15:39:25.173563,3052.3,-53.85,-52.47,-53.3,2.91,0.67,1
2026-05-21T15:39:25.324924,3052.3,-53.84,-52.78,-53.84,2.91,0.65,1
2026-05-21T15:39:25.477161,3052.3,-55.85,-53.38,-54.11,2.91,0.64,1
2026-05-21T15:39:25.581162,3052.3,-51.85,-53.39,-51.85,2.91,0.56,1
2026-05-21T15:39:25.741921,3052.3,-47.45,-52.28,-47.45,2.91,0.42,1
2026-05-21T15:39:25.851907,3052.3,-47.4,-51.21,-47.4,2.91,0.44,1
2026-05-21T15:39:25.945454,3052.3,-51.42,-50.86,-47.84,1.45,0.42,1
2026-05-21T15:39:26.066941,3052.3,-52.35,-51.21,-48.44,1.45,0.41,1
2026-05-21T15:39:26.198547,3052.3,-50.39,-51.36,-49.04,2.91,0.35,1
2026-05-21T15:39:26.346452,3052.3,-47.43,-50.27,-47.43,1.46,0.37,1
2026-05-21T15:39:26.440289,3052.3,-47.3,-49.57,-47.24,1.46,0.4,1
2026-05-21T15:39:26.587985,3052.3,-49.39,-49.44,-47.84,1.46,0.39,1
2026-05-21T15:39:26.681917,3052.3,-48.68,-49.41,-48.44,1.46,0.3,1
2026-05-21T15:39:26.810863,3052.3,-48.41,-49.17,-48.41,1.46,0.27,1
2026-05-21T15:39:26.931552,3052.3,-48.12,-48.96,-48.12,1.46,0.28,1
2026-05-21T15:39:27.043965,3052.3,-49.44,-49.21,-48.72,1.47,0.25,1
2026-05-21T15:39:27.174929,3046.9,-49.03,-49.17,-49.03,1.47,0.26,1
2026-05-21T15:39:27.301772,3046.9,-45.23,-48.33,-45.23,1.46,0.23,0
2026-05-21T15:39:27.477573,3046.9,-45.45,-47.38,-45.45,1.46,0.24,0
2026-05-21T15:39:27.564828,3046.9,-46.05,-47.26,-46.05,2.87,0.29,1
2026-05-21T15:39:27.721112,3046.9,-44.17,-46.65,-44.17,1.0,0.26,1
2026-05-21T15:39:27.848974,3046.9,-44.97,-46.19,-44.41,1.0,0.26,1
2026-05-21T15:39:27.943469,3046.9,-49.48,-46.54,-45.01,2.78,0.27,1
2026-05-21T15:39:28.067434,3046.9,-45.92,-46.55,-45.61,2.69,0.31,1
2026-05-21T15:39:28.191127,3046.9,-46.08,-46.41,-46.07,2.69,0.33,1
2026-05-21T15:39:28.275621,3046.9,-46.6,-46.36,-46.05,2.72,0.35,1
2026-05-21T15:39:28.425475,3046.9,-47.83,-46.77,-46.65,2.72,0.34,1
2026-05-21T15:39:28.597172,3046.9,-49.08,-47.45,-47.55,2.78,0.35,1
2026-05-21T15:39:28.783526,3046.9,-47.37,-47.55,-47.37,2.75,0.38,1
2026-05-21T15:39:28.879802,3046.9,-49.09,-47.79,-47.97,2.72,0.39,1
2026-05-21T15:39:29.000337,3046.9,-54.23,-49.02,-48.57,2.69,0.39,1
2026-05-21T15:39:29.151381,3046.9,-52.91,-49.92,-49.17,2.69,0.38,1
2026-05-21T15:39:29.314783,3046.9,-53.81,-50.98,-50.07,2.72,0.41,1
2026-05-21T15:39:29.415264,3046.9,-54.07,-51.77,-50.67,2.72,0.41,1
2026-05-21T15:39:29.548483,3052.3,-54.0,-52.23,-51.27,2.72,0.44,1
2026-05-21T15:39:29.673809,3052.3,-54.84,-52.75,-51.87,2.84,0.45,1
2026-05-21T15:39:29.779446,3052.3,-57.56,-53.78,-52.47,2.78,0.45,1
2026-05-21T15:39:29.946446,3052.3,-57.86,-55.16,-53.37,2.81,0.47,1
2026-05-21T15:39:30.066415,3052.3,-48.3,-54.28,-48.3,2.78,0.43,1
2026-05-21T15:39:30.179994,3052.3,-47.04,-52.76,-47.04,2.78,0.39,1
2026-05-21T15:39:30.281918,3052.3,-48.44,-51.68,-47.61,2.81,0.36,1
2026-05-21T15:39:30.398720,3052.3,-50.47,-51.31,-48.21,2.81,0.32,1
2026-05-21T15:39:30.514778,3052.3,-51.43,-51.35,-48.81,2.81,0.3,1
2026-05-21T15:39:30.636655,3052.3,-52.87,-51.56,-49.41,2.84,0.3,1
2026-05-21T15:39:30.759237,3052.3,-49.92,-51.35,-49.92,1.57,0.22,0
2026-05-21T15:39:30.924381,3052.3,-48.02,-50.31,-48.02,1.57,0.23,0
2026-05-21T15:39:31.030653,3052.3,-49.74,-50.11,-48.62,1.34,0.18,0
2026-05-21T15:39:31.149476,3052.3,-54.7,-50.94,-49.22,1.35,0.16,0
2026-05-21T15:39:31.278023,3052.3,-52.91,-51.48,-49.82,1.34,0.16,0
2026-05-21T15:39:31.399682,3052.3,-49.23,-51.09,-49.23,1.57,0.15,0
2026-05-21T15:39:31.535580,3052.3,-48.11,-50.57,-48.11,1.4,0.18,0
2026-05-21T15:39:31.655881,3046.9,-48.8,-50.24,-48.71,1.45,0.22,0
2026-05-21T15:39:31.788996,3046.9,-47.7,-49.53,-47.7,1.46,0.17,0
2026-05-21T15:39:31.928707,3046.9,-48.19,-49.16,-47.78,1.46,0.16,0
2026-05-21T15:39:32.045116,3046.9,-49.62,-49.22,-48.38,1.45,0.15,0
2026-05-21T15:39:32.149839,3046.9,-47.58,-48.95,-47.58,2.94,0.16,0
2026-05-21T15:39:32.302405,3046.9,-47.39,-48.58,-47.39,2.94,0.15,0
2026-05-21T15:39:32.415467,3046.9,-43.86,-47.85,-43.86,1.44,0.21,0
2026-05-21T15:39:32.525433,3052.3,-41.04,-46.46,-41.04,2.98,0.2,0
2026-05-21T15:39:32.658540,3052.3,-40.94,-45.23,-40.94,2.91,0.2,0
